"","mixture_collection","indiv","repunit","collection","PofZ","log_likelihood","z_score","n_non_miss_loci","n_miss_loci","missing_loci"
"1","krista","gtseq3_H-14-MI-V0188","miniatus","miniatus","1","-92.2002153630905","-9.50245484672905","64","26","c(Plate_1_A11_Sat_GE820299_consensus.1 = 2, Plate_2_C08_Sat_EW987116_consensus.1 = 4, Plate_2_G06_Sat_EW987118_consensus.1 = 5, Plate_4_E10_Sat_EW976030_consensus.1 = 7, tag_id_1184.1 = 11, tag_id_1441.1 = 17, tag_id_1449.1 = 18, tag_id_1558.1 = 21, tag_id_1613.1 = 25, tag_id_162.1 = 26, tag_id_1652.1 = 27, tag_id_1751.1 = 31, tag_id_179.1 = 33, tag_id_1804.1 = 34, tag_id_1810.1 = 36, tag_id_2062.1 = 51, tag_id_2178.1 = 56, tag_id_2203.1 = 59, tag_id_2368.1 = 67, tag_id_2499.1 = 68, tag_id_770.1 = 80, 
tag_id_875.1 = 85, tag_id_879.1 = 86, tag_id_913.1 = 87, tag_id_942.1 = 88, tag_id_981.1 = 89)"
"2","krista","gtseq3_H-14-MI-V0191","miniatus","miniatus","1","-92.1288202206192","-7.65905543258738","74","16","c(Plate_1_A11_Sat_GE820299_consensus.1 = 2, Plate_4_E10_Sat_EW976030_consensus.1 = 7, tag_id_1441.1 = 17, tag_id_1558.1 = 21, tag_id_1751.1 = 31, tag_id_179.1 = 33, tag_id_1810.1 = 36, tag_id_2062.1 = 51, tag_id_2178.1 = 56, tag_id_2203.1 = 59, tag_id_2368.1 = 67, tag_id_2499.1 = 68, tag_id_879.1 = 86, tag_id_913.1 = 87, tag_id_942.1 = 88, tag_id_981.1 = 89)"
"3","krista","gtseq3_H-14-MI-V0192","miniatus","miniatus","1","-34.3323566292821","-1.31260467556808","62","28","c(Plate_1_A11_Sat_GE820299_consensus.1 = 2, Plate_2_C08_Sat_EW987116_consensus.1 = 4, Plate_4_E10_Sat_EW976030_consensus.1 = 7, tag_id_1184.1 = 11, tag_id_1441.1 = 17, tag_id_1449.1 = 18, tag_id_1558.1 = 21, tag_id_1613.1 = 25, tag_id_1652.1 = 27, tag_id_1751.1 = 31, tag_id_179.1 = 33, tag_id_1810.1 = 36, tag_id_1889.1 = 40, tag_id_1966.2 = 44, tag_id_2008.1 = 48, tag_id_2062.1 = 51, tag_id_2203.1 = 59, tag_id_2368.1 = 67, tag_id_2499.1 = 68, tag_id_410.1 = 75, tag_id_770.1 = 80, tag_id_788.1 = 81, 
tag_id_855.1 = 83, tag_id_874.1 = 84, tag_id_879.1 = 86, tag_id_913.1 = 87, tag_id_942.1 = 88, tag_id_981.1 = 89)"
"4","krista","gtseq3_H-14-MI-V0202","miniatus","miniatus","1","-46.2971129608629","-1.12301114870779","84","6","c(Plate_4_E10_Sat_EW976030_consensus.1 = 7, tag_id_1558.1 = 21, tag_id_179.1 = 33, tag_id_1810.1 = 36, tag_id_2368.1 = 67, tag_id_942.1 = 88)"
"5","krista","gtseq3_H-14-MI-V0204","miniatus","miniatus","1","-42.5304153978522","-1.39798424735285","74","16","c(Plate_4_E10_Sat_EW976030_consensus.1 = 7, tag_id_1449.1 = 18, tag_id_1558.1 = 21, tag_id_1751.1 = 31, tag_id_179.1 = 33, tag_id_1810.1 = 36, tag_id_1889.1 = 40, tag_id_2062.1 = 51, tag_id_2203.1 = 59, tag_id_2368.1 = 67, tag_id_2499.1 = 68, tag_id_855.1 = 83, tag_id_874.1 = 84, tag_id_879.1 = 86, tag_id_913.1 = 87, tag_id_942.1 = 88)"
"6","krista","gtseq3_H-14-MI-V0208","miniatus","miniatus","1","-50.650824035435","-1.50421232114211","84","6","c(Plate_4_E10_Sat_EW976030_consensus.1 = 7, tag_id_1558.1 = 21, tag_id_1810.1 = 36, tag_id_2368.1 = 67, tag_id_2499.1 = 68, tag_id_942.1 = 88)"
"7","krista","gtseq3_H-14-MI-V0211","miniatus","miniatus","1","-62.0832005762435","-3.4973777094399","82","8","c(Plate_4_E10_Sat_EW976030_consensus.1 = 7, tag_id_1558.1 = 21, tag_id_1810.1 = 36, tag_id_2062.1 = 51, tag_id_2178.1 = 56, tag_id_2203.1 = 59, tag_id_2368.1 = 67, tag_id_942.1 = 88)"
"8","krista","gtseq3_H-14-MI-V0213","miniatus","miniatus","1","-26.9795411226237","-0.403244885342357","61","29","c(Plate_1_A11_Sat_GE820299_consensus.1 = 2, Plate_2_C08_Sat_EW987116_consensus.1 = 4, Plate_4_E10_Sat_EW976030_consensus.1 = 7, tag_id_1184.1 = 11, tag_id_1441.1 = 17, tag_id_1449.1 = 18, tag_id_1558.1 = 21, tag_id_1613.1 = 25, tag_id_162.1 = 26, tag_id_1652.1 = 27, tag_id_1751.1 = 31, tag_id_1762.1 = 32, tag_id_179.1 = 33, tag_id_1810.1 = 36, tag_id_1880.1 = 39, tag_id_1889.1 = 40, tag_id_1950.1 = 42, tag_id_1966.2 = 44, tag_id_2017.1 = 50, tag_id_2062.1 = 51, tag_id_2203.1 = 59, tag_id_2368.1 = 67, 
tag_id_2499.1 = 68, tag_id_770.1 = 80, tag_id_875.1 = 85, tag_id_879.1 = 86, tag_id_913.1 = 87, tag_id_942.1 = 88, tag_id_981.1 = 89)"
"9","krista","gtseq3_H-14-MI-V0214","miniatus","miniatus","1","-32.8973068384584","-0.296818153780417","71","19","c(Plate_1_A11_Sat_GE820299_consensus.1 = 2, Plate_4_E10_Sat_EW976030_consensus.1 = 7, tag_id_1184.1 = 11, tag_id_1449.1 = 18, tag_id_1558.1 = 21, tag_id_1652.1 = 27, tag_id_1751.1 = 31, tag_id_179.1 = 33, tag_id_1810.1 = 36, tag_id_1889.1 = 40, tag_id_2062.1 = 51, tag_id_2203.1 = 59, tag_id_2368.1 = 67, tag_id_2499.1 = 68, tag_id_874.1 = 84, tag_id_879.1 = 86, tag_id_913.1 = 87, tag_id_942.1 = 88, tag_id_981.1 = 89)"
"10","krista","gtseq3_H-14-MI-V0216","miniatus","miniatus","1","-40.3708952498428","-1.24090432554846","68","22","c(Plate_1_A11_Sat_GE820299_consensus.1 = 2, Plate_2_C08_Sat_EW987116_consensus.1 = 4, Plate_4_E10_Sat_EW976030_consensus.1 = 7, tag_id_1184.1 = 11, tag_id_143.1 = 16, tag_id_1441.1 = 17, tag_id_1558.1 = 21, tag_id_162.1 = 26, tag_id_1751.1 = 31, tag_id_179.1 = 33, tag_id_1810.1 = 36, tag_id_1966.2 = 44, tag_id_2062.1 = 51, tag_id_2203.1 = 59, tag_id_2368.1 = 67, tag_id_2499.1 = 68, tag_id_874.1 = 84, tag_id_875.1 = 85, tag_id_879.1 = 86, tag_id_913.1 = 87, tag_id_942.1 = 88, tag_id_981.1 = 89)"
"11","krista","gtseq3_H-14-MI-V0218","miniatus","miniatus","1","-41.1755838314129","-2.06092816181418","67","23","c(Plate_1_A11_Sat_GE820299_consensus.1 = 2, Plate_2_C08_Sat_EW987116_consensus.1 = 4, Plate_4_E10_Sat_EW976030_consensus.1 = 7, tag_id_1184.1 = 11, tag_id_1449.1 = 18, tag_id_1558.1 = 21, tag_id_1613.1 = 25, tag_id_162.1 = 26, tag_id_1751.1 = 31, tag_id_1762.1 = 32, tag_id_179.1 = 33, tag_id_1804.1 = 34, tag_id_1810.1 = 36, tag_id_1889.1 = 40, tag_id_2017.1 = 50, tag_id_2062.1 = 51, tag_id_2203.1 = 59, tag_id_2368.1 = 67, tag_id_2499.1 = 68, tag_id_410.1 = 75, tag_id_879.1 = 86, tag_id_913.1 = 87, 
tag_id_942.1 = 88)"
"12","krista","gtseq3_H-14-MI-V0220","miniatus","miniatus","1","-52.9117559545832","-2.13171294520419","81","9","c(Plate_1_A11_Sat_GE820299_consensus.1 = 2, Plate_4_E10_Sat_EW976030_consensus.1 = 7, tag_id_1558.1 = 21, tag_id_179.1 = 33, tag_id_1810.1 = 36, tag_id_2062.1 = 51, tag_id_2368.1 = 67, tag_id_879.1 = 86, tag_id_913.1 = 87)"
"13","krista","gtseq3_H-14-MI-V0223","miniatus","miniatus","1","-21.2474974294432","0.489145414628478","62","28","c(Plate_1_A11_Sat_GE820299_consensus.1 = 2, Plate_2_C08_Sat_EW987116_consensus.1 = 4, Plate_4_E10_Sat_EW976030_consensus.1 = 7, tag_id_1184.1 = 11, tag_id_1441.1 = 17, tag_id_1449.1 = 18, tag_id_1558.1 = 21, tag_id_1613.1 = 25, tag_id_1652.1 = 27, tag_id_1708.1 = 29, tag_id_1751.1 = 31, tag_id_1762.1 = 32, tag_id_179.1 = 33, tag_id_1804.1 = 34, tag_id_1810.1 = 36, tag_id_1889.1 = 40, tag_id_1966.2 = 44, tag_id_2062.1 = 51, tag_id_2178.1 = 56, tag_id_2203.1 = 59, tag_id_2368.1 = 67, tag_id_2499.1 = 68, 
tag_id_402.1 = 74, tag_id_770.1 = 80, tag_id_788.1 = 81, tag_id_879.1 = 86, tag_id_913.1 = 87, tag_id_942.1 = 88)"
"14","krista","gtseq3_H-14-MI-V0224","miniatus","miniatus","1","-44.4171936960856","-0.751336086009507","85","5","c(Plate_4_E10_Sat_EW976030_consensus.1 = 7, tag_id_1558.1 = 21, tag_id_1810.1 = 36, tag_id_2368.1 = 67, tag_id_942.1 = 88)"
"15","krista","gtseq3_H-14-MI-V0226","miniatus","miniatus","1","-55.4901894097484","-3.36940666152267","68","22","c(Plate_1_A11_Sat_GE820299_consensus.1 = 2, Plate_4_E10_Sat_EW976030_consensus.1 = 7, tag_id_1441.1 = 17, tag_id_1449.1 = 18, tag_id_1558.1 = 21, tag_id_1613.1 = 25, tag_id_1652.1 = 27, tag_id_1751.1 = 31, tag_id_179.1 = 33, tag_id_1804.1 = 34, tag_id_1810.1 = 36, tag_id_1966.2 = 44, tag_id_2017.1 = 50, tag_id_2062.1 = 51, tag_id_2203.1 = 59, tag_id_2368.1 = 67, tag_id_2499.1 = 68, tag_id_788.1 = 81, tag_id_879.1 = 86, tag_id_913.1 = 87, tag_id_942.1 = 88, tag_id_981.1 = 89)"
"16","krista","gtseq3_H-14-MI-V0227","miniatus","miniatus","1","-48.2708153290989","-2.57540602442161","70","20","c(Plate_1_A11_Sat_GE820299_consensus.1 = 2, Plate_4_E10_Sat_EW976030_consensus.1 = 7, tag_id_1441.1 = 17, tag_id_1449.1 = 18, tag_id_1558.1 = 21, tag_id_179.1 = 33, tag_id_1804.1 = 34, tag_id_1810.1 = 36, tag_id_1889.1 = 40, tag_id_2062.1 = 51, tag_id_2178.1 = 56, tag_id_2203.1 = 59, tag_id_2368.1 = 67, tag_id_788.1 = 81, tag_id_843.1 = 82, tag_id_875.1 = 85, tag_id_879.1 = 86, tag_id_913.1 = 87, tag_id_942.1 = 88, tag_id_981.1 = 89)"
"17","krista","gtseq3_H-14-MI-V0228","miniatus","miniatus","1","-32.9275393307986","0.289908403959137","80","10","c(Plate_1_A11_Sat_GE820299_consensus.1 = 2, Plate_4_E10_Sat_EW976030_consensus.1 = 7, tag_id_1449.1 = 18, tag_id_1558.1 = 21, tag_id_179.1 = 33, tag_id_1810.1 = 36, tag_id_2062.1 = 51, tag_id_2368.1 = 67, tag_id_879.1 = 86, tag_id_942.1 = 88)"
"18","krista","gtseq3_H-14-MI-V0230","miniatus","miniatus","1","-42.0882203758714","-1.7128724576734","70","20","c(Plate_1_A11_Sat_GE820299_consensus.1 = 2, Plate_2_C08_Sat_EW987116_consensus.1 = 4, Plate_4_E10_Sat_EW976030_consensus.1 = 7, tag_id_1184.1 = 11, tag_id_1449.1 = 18, tag_id_1558.1 = 21, tag_id_1613.1 = 25, tag_id_179.1 = 33, tag_id_1810.1 = 36, tag_id_2017.1 = 50, tag_id_2062.1 = 51, tag_id_2178.1 = 56, tag_id_2203.1 = 59, tag_id_2301.1 = 65, tag_id_2368.1 = 67, tag_id_2499.1 = 68, tag_id_874.1 = 84, tag_id_879.1 = 86, tag_id_913.1 = 87, tag_id_942.1 = 88)"
"19","krista","gtseq3_H-14-MI-V0231","miniatus","miniatus","1","-31.4101098316562","-1.05336180125235","63","27","c(Plate_1_A11_Sat_GE820299_consensus.1 = 2, Plate_4_E10_Sat_EW976030_consensus.1 = 7, tag_id_108.2 = 10, tag_id_1184.1 = 11, tag_id_1449.1 = 18, tag_id_1558.1 = 21, tag_id_1652.1 = 27, tag_id_1748.1 = 30, tag_id_1751.1 = 31, tag_id_1762.1 = 32, tag_id_179.1 = 33, tag_id_1804.1 = 34, tag_id_1810.1 = 36, tag_id_1889.1 = 40, tag_id_2062.1 = 51, tag_id_2178.1 = 56, tag_id_2203.1 = 59, tag_id_2301.1 = 65, tag_id_2368.1 = 67, tag_id_2499.1 = 68, tag_id_325.1 = 73, tag_id_770.1 = 80, tag_id_874.1 = 84, 
tag_id_875.1 = 85, tag_id_913.1 = 87, tag_id_942.1 = 88, tag_id_981.1 = 89)"
"20","krista","gtseq3_H-14-MI-V0232","miniatus","miniatus","1","-50.7126193796414","-1.65274150788417","84","6","c(Plate_4_E10_Sat_EW976030_consensus.1 = 7, tag_id_1558.1 = 21, tag_id_179.1 = 33, tag_id_1810.1 = 36, tag_id_2368.1 = 67, tag_id_942.1 = 88)"
"21","krista","gtseq3_H-14-MI-V0233","miniatus","miniatus","1","-32.4954049250012","-0.752125933272153","65","25","c(Plate_1_A11_Sat_GE820299_consensus.1 = 2, Plate_2_C08_Sat_EW987116_consensus.1 = 4, Plate_4_E10_Sat_EW976030_consensus.1 = 7, tag_id_1184.1 = 11, tag_id_1441.1 = 17, tag_id_1449.1 = 18, tag_id_1558.1 = 21, tag_id_1613.1 = 25, tag_id_1652.1 = 27, tag_id_1751.1 = 31, tag_id_179.1 = 33, tag_id_1810.1 = 36, tag_id_1880.1 = 39, tag_id_1889.1 = 40, tag_id_2062.1 = 51, tag_id_2178.1 = 56, tag_id_2203.1 = 59, tag_id_2368.1 = 67, tag_id_2499.1 = 68, tag_id_855.1 = 83, tag_id_874.1 = 84, tag_id_875.1 = 85, 
tag_id_879.1 = 86, tag_id_913.1 = 87, tag_id_942.1 = 88)"
"22","krista","gtseq3_H-14-MI-V0234","miniatus","miniatus","1","-46.34936326367","-1.59208689265631","75","15","c(Plate_1_A11_Sat_GE820299_consensus.1 = 2, Plate_4_E10_Sat_EW976030_consensus.1 = 7, tag_id_1184.1 = 11, tag_id_1449.1 = 18, tag_id_1558.1 = 21, tag_id_1751.1 = 31, tag_id_179.1 = 33, tag_id_1810.1 = 36, tag_id_2062.1 = 51, tag_id_2203.1 = 59, tag_id_2368.1 = 67, tag_id_2499.1 = 68, tag_id_879.1 = 86, tag_id_942.1 = 88, tag_id_981.1 = 89)"
"23","krista","gtseq3_H-14-MI-V0237","miniatus","miniatus","1","-48.6278442713399","-1.69945275881326","81","9","c(Plate_1_A11_Sat_GE820299_consensus.1 = 2, Plate_4_E10_Sat_EW976030_consensus.1 = 7, tag_id_1558.1 = 21, tag_id_179.1 = 33, tag_id_1810.1 = 36, tag_id_2203.1 = 59, tag_id_2368.1 = 67, tag_id_942.1 = 88, tag_id_981.1 = 89)"
"24","krista","gtseq3_H-14-MI-V0240","miniatus","miniatus","1","-33.590290003461","0.260062170676412","82","8","c(Plate_4_E10_Sat_EW976030_consensus.1 = 7, tag_id_1558.1 = 21, tag_id_179.1 = 33, tag_id_1810.1 = 36, tag_id_2062.1 = 51, tag_id_2368.1 = 67, tag_id_2499.1 = 68, tag_id_942.1 = 88)"
"25","krista","gtseq3_H-14-MI-V0241","miniatus","miniatus","1","-52.4272921974342","-1.93415998036928","82","8","c(Plate_1_A11_Sat_GE820299_consensus.1 = 2, Plate_4_E10_Sat_EW976030_consensus.1 = 7, tag_id_1558.1 = 21, tag_id_179.1 = 33, tag_id_1810.1 = 36, tag_id_2368.1 = 67, tag_id_2499.1 = 68, tag_id_942.1 = 88)"
"26","krista","gtseq3_H-14-MI-V0242","miniatus","miniatus","1","-45.7807432010114","-2.61319149957089","65","25","c(Plate_1_A11_Sat_GE820299_consensus.1 = 2, Plate_2_C08_Sat_EW987116_consensus.1 = 4, Plate_4_E10_Sat_EW976030_consensus.1 = 7, tag_id_1441.1 = 17, tag_id_1449.1 = 18, tag_id_1558.1 = 21, tag_id_1613.1 = 25, tag_id_162.1 = 26, tag_id_1652.1 = 27, tag_id_1751.1 = 31, tag_id_179.1 = 33, tag_id_1810.1 = 36, tag_id_1880.1 = 39, tag_id_1889.1 = 40, tag_id_1950.1 = 42, tag_id_1966.2 = 44, tag_id_2062.1 = 51, tag_id_2203.1 = 59, tag_id_2368.1 = 67, tag_id_2499.1 = 68, tag_id_410.1 = 75, tag_id_874.1 = 84, 
tag_id_913.1 = 87, tag_id_942.1 = 88, tag_id_981.1 = 89)"
"27","krista","gtseq3_H-14-MI-V0243","miniatus","miniatus","1","-44.3228078462243","-0.88615284564804","84","6","c(Plate_4_E10_Sat_EW976030_consensus.1 = 7, tag_id_1558.1 = 21, tag_id_179.1 = 33, tag_id_1810.1 = 36, tag_id_2368.1 = 67, tag_id_942.1 = 88)"
"28","krista","gtseq3_H-14-MI-V0244","miniatus","miniatus","1","-42.7210260361106","-1.12386916287384","79","11","c(Plate_1_A11_Sat_GE820299_consensus.1 = 2, Plate_4_E10_Sat_EW976030_consensus.1 = 7, tag_id_1558.1 = 21, tag_id_179.1 = 33, tag_id_1810.1 = 36, tag_id_2062.1 = 51, tag_id_2203.1 = 59, tag_id_2368.1 = 67, tag_id_2499.1 = 68, tag_id_942.1 = 88, tag_id_981.1 = 89)"
"29","krista","gtseq3_H-14-MI-V0246","miniatus","miniatus","1","-48.1045421530839","-2.57592564793378","69","21","c(Plate_1_A11_Sat_GE820299_consensus.1 = 2, Plate_2_C08_Sat_EW987116_consensus.1 = 4, Plate_4_E10_Sat_EW976030_consensus.1 = 7, tag_id_1184.1 = 11, tag_id_1441.1 = 17, tag_id_1449.1 = 18, tag_id_1558.1 = 21, tag_id_1613.1 = 25, tag_id_1652.1 = 27, tag_id_1751.1 = 31, tag_id_179.1 = 33, tag_id_1810.1 = 36, tag_id_1889.1 = 40, tag_id_2017.1 = 50, tag_id_2062.1 = 51, tag_id_2203.1 = 59, tag_id_2368.1 = 67, tag_id_2499.1 = 68, tag_id_879.1 = 86, tag_id_913.1 = 87, tag_id_942.1 = 88)"
"30","krista","gtseq3_H-14-MI-V0249","miniatus","miniatus","1","-117.916556776685","-11.6967538815728","71","19","c(Plate_1_A11_Sat_GE820299_consensus.1 = 2, Plate_4_E10_Sat_EW976030_consensus.1 = 7, tag_id_1449.1 = 18, tag_id_1558.1 = 21, tag_id_162.1 = 26, tag_id_1652.1 = 27, tag_id_179.1 = 33, tag_id_1810.1 = 36, tag_id_1889.1 = 40, tag_id_2062.1 = 51, tag_id_2178.1 = 56, tag_id_2203.1 = 59, tag_id_2368.1 = 67, tag_id_2499.1 = 68, tag_id_2635.1 = 71, tag_id_843.1 = 82, tag_id_874.1 = 84, tag_id_913.1 = 87, tag_id_981.1 = 89)"
"31","krista","gtseq3_H-14-MI-V0250","miniatus","miniatus","1","-115.838340852659","-11.1345614103764","71","19","c(Plate_1_A11_Sat_GE820299_consensus.1 = 2, Plate_4_E10_Sat_EW976030_consensus.1 = 7, tag_id_1449.1 = 18, tag_id_1558.1 = 21, tag_id_162.1 = 26, tag_id_1652.1 = 27, tag_id_179.1 = 33, tag_id_1810.1 = 36, tag_id_1889.1 = 40, tag_id_2062.1 = 51, tag_id_2178.1 = 56, tag_id_2368.1 = 67, tag_id_2499.1 = 68, tag_id_2635.1 = 71, tag_id_843.1 = 82, tag_id_874.1 = 84, tag_id_913.1 = 87, tag_id_942.1 = 88, tag_id_981.1 = 89)"
"32","krista","gtseq3_H-14-MI-V0253","miniatus","miniatus","1","-33.6912172856476","-1.96450302948535","57","33","c(Plate_1_A11_Sat_GE820299_consensus.1 = 2, Plate_4_E10_Sat_EW976030_consensus.1 = 7, Plate_4_G06_Sat_EW976181_consensus.1 = 8, tag_id_108.2 = 10, tag_id_1441.1 = 17, tag_id_1449.1 = 18, tag_id_1558.1 = 21, tag_id_1613.1 = 25, tag_id_162.1 = 26, tag_id_1652.1 = 27, tag_id_179.1 = 33, tag_id_1804.1 = 34, tag_id_1810.1 = 36, tag_id_1880.1 = 39, tag_id_1889.1 = 40, tag_id_1950.1 = 42, tag_id_1966.2 = 44, tag_id_2062.1 = 51, tag_id_2178.1 = 56, tag_id_2203.1 = 59, tag_id_2368.1 = 67, tag_id_2499.1 = 68, 
tag_id_2635.1 = 71, tag_id_410.1 = 75, tag_id_770.1 = 80, tag_id_788.1 = 81, tag_id_843.1 = 82, tag_id_874.1 = 84, tag_id_875.1 = 85, tag_id_879.1 = 86, tag_id_913.1 = 87, tag_id_942.1 = 88, tag_id_981.1 = 89)"
"33","krista","gtseq3_H-14-MI-V0254","miniatus","miniatus","1","-52.7146497268778","-2.11639955743593","83","7","c(Plate_4_E10_Sat_EW976030_consensus.1 = 7, tag_id_1558.1 = 21, tag_id_179.1 = 33, tag_id_1810.1 = 36, tag_id_2203.1 = 59, tag_id_2368.1 = 67, tag_id_942.1 = 88)"
"34","krista","gtseq3_H-14-MI-V0255","miniatus","miniatus","1","-48.7887967074656","-1.88357402142989","76","14","c(Plate_1_A11_Sat_GE820299_consensus.1 = 2, Plate_4_E10_Sat_EW976030_consensus.1 = 7, tag_id_1184.1 = 11, tag_id_1558.1 = 21, tag_id_1751.1 = 31, tag_id_179.1 = 33, tag_id_1810.1 = 36, tag_id_2062.1 = 51, tag_id_2203.1 = 59, tag_id_2368.1 = 67, tag_id_2499.1 = 68, tag_id_913.1 = 87, tag_id_942.1 = 88, tag_id_981.1 = 89)"
"35","krista","gtseq3_H-14-MI-V0256","miniatus","miniatus","1","-47.0011225640442","-1.64433600173769","79","11","c(Plate_1_A11_Sat_GE820299_consensus.1 = 2, Plate_4_E10_Sat_EW976030_consensus.1 = 7, tag_id_1184.1 = 11, tag_id_1558.1 = 21, tag_id_179.1 = 33, tag_id_1810.1 = 36, tag_id_2062.1 = 51, tag_id_2203.1 = 59, tag_id_2368.1 = 67, tag_id_2499.1 = 68, tag_id_942.1 = 88)"
"36","krista","gtseq3_H-14-MI-V0258","miniatus","miniatus","1","-28.099917773152","-0.138016707684345","64","26","c(Plate_1_A11_Sat_GE820299_consensus.1 = 2, Plate_2_C08_Sat_EW987116_consensus.1 = 4, Plate_4_E10_Sat_EW976030_consensus.1 = 7, tag_id_1184.1 = 11, tag_id_1441.1 = 17, tag_id_1449.1 = 18, tag_id_1558.1 = 21, tag_id_1652.1 = 27, tag_id_1751.1 = 31, tag_id_179.1 = 33, tag_id_1804.1 = 34, tag_id_1810.1 = 36, tag_id_1889.1 = 40, tag_id_1966.2 = 44, tag_id_2062.1 = 51, tag_id_2203.1 = 59, tag_id_2301.1 = 65, tag_id_2368.1 = 67, tag_id_2499.1 = 68, tag_id_770.1 = 80, tag_id_855.1 = 83, tag_id_874.1 = 84, 
tag_id_875.1 = 85, tag_id_913.1 = 87, tag_id_942.1 = 88, tag_id_981.1 = 89)"
"37","krista","gtseq3_H-14-MI-V0260","miniatus","miniatus","1","-46.987060958733","-1.85005552613717","71","19","c(Plate_1_A11_Sat_GE820299_consensus.1 = 2, Plate_4_E10_Sat_EW976030_consensus.1 = 7, tag_id_1184.1 = 11, tag_id_1441.1 = 17, tag_id_1449.1 = 18, tag_id_1558.1 = 21, tag_id_1652.1 = 27, tag_id_1751.1 = 31, tag_id_179.1 = 33, tag_id_1810.1 = 36, tag_id_2062.1 = 51, tag_id_2203.1 = 59, tag_id_2368.1 = 67, tag_id_2499.1 = 68, tag_id_770.1 = 80, tag_id_879.1 = 86, tag_id_913.1 = 87, tag_id_942.1 = 88, tag_id_981.1 = 89)"
"38","krista","gtseq3_H-14-MI-V0262","miniatus","miniatus","1","-123.176751403356","-12.2954576474317","69","21","c(Plate_1_A11_Sat_GE820299_consensus.1 = 2, Plate_4_E10_Sat_EW976030_consensus.1 = 7, tag_id_1184.1 = 11, tag_id_1441.1 = 17, tag_id_1449.1 = 18, tag_id_1558.1 = 21, tag_id_1751.1 = 31, tag_id_1762.1 = 32, tag_id_179.1 = 33, tag_id_1804.1 = 34, tag_id_1810.1 = 36, tag_id_1880.1 = 39, tag_id_1889.1 = 40, tag_id_2062.1 = 51, tag_id_2178.1 = 56, tag_id_2203.1 = 59, tag_id_2368.1 = 67, tag_id_2499.1 = 68, tag_id_913.1 = 87, tag_id_942.1 = 88, tag_id_981.1 = 89)"
"39","krista","gtseq3_H-14-MI-V0263","miniatus","miniatus","1","-25.4196218510825","0.528601306050615","70","20","c(Plate_1_A11_Sat_GE820299_consensus.1 = 2, Plate_4_E10_Sat_EW976030_consensus.1 = 7, tag_id_1184.1 = 11, tag_id_1441.1 = 17, tag_id_1558.1 = 21, tag_id_1613.1 = 25, tag_id_1652.1 = 27, tag_id_1751.1 = 31, tag_id_179.1 = 33, tag_id_1810.1 = 36, tag_id_1966.2 = 44, tag_id_2017.1 = 50, tag_id_2062.1 = 51, tag_id_2203.1 = 59, tag_id_2368.1 = 67, tag_id_2499.1 = 68, tag_id_875.1 = 85, tag_id_879.1 = 86, tag_id_913.1 = 87, tag_id_942.1 = 88)"
"40","krista","gtseq3_H-14-MI-V0264","miniatus","miniatus","1","-111.178338680492","-10.4078215037086","69","21","c(Plate_1_A11_Sat_GE820299_consensus.1 = 2, Plate_2_C08_Sat_EW987116_consensus.1 = 4, Plate_4_E10_Sat_EW976030_consensus.1 = 7, tag_id_1184.1 = 11, tag_id_1441.1 = 17, tag_id_1449.1 = 18, tag_id_1558.1 = 21, tag_id_1613.1 = 25, tag_id_1652.1 = 27, tag_id_1751.1 = 31, tag_id_179.1 = 33, tag_id_1804.1 = 34, tag_id_1810.1 = 36, tag_id_2062.1 = 51, tag_id_2203.1 = 59, tag_id_2368.1 = 67, tag_id_2499.1 = 68, tag_id_879.1 = 86, tag_id_913.1 = 87, tag_id_942.1 = 88, tag_id_981.1 = 89)"
"41","krista","gtseq3_H-14-MI-V0269","miniatus","miniatus","1","-121.182873529213","-12.2893455855456","71","19","c(Plate_1_A11_Sat_GE820299_consensus.1 = 2, Plate_4_E10_Sat_EW976030_consensus.1 = 7, tag_id_1184.1 = 11, tag_id_1558.1 = 21, tag_id_1652.1 = 27, tag_id_1751.1 = 31, tag_id_179.1 = 33, tag_id_1804.1 = 34, tag_id_1810.1 = 36, tag_id_2008.1 = 48, tag_id_2017.1 = 50, tag_id_2062.1 = 51, tag_id_2178.1 = 56, tag_id_2203.1 = 59, tag_id_2368.1 = 67, tag_id_2499.1 = 68, tag_id_879.1 = 86, tag_id_942.1 = 88, tag_id_981.1 = 89)"
"42","krista","gtseq3_H-14-MI-V0270","miniatus","miniatus","1","-103.230375754704","-9.28756588938984","72","18","c(Plate_1_A11_Sat_GE820299_consensus.1 = 2, Plate_4_E10_Sat_EW976030_consensus.1 = 7, tag_id_1184.1 = 11, tag_id_1441.1 = 17, tag_id_1558.1 = 21, tag_id_1652.1 = 27, tag_id_1751.1 = 31, tag_id_179.1 = 33, tag_id_1804.1 = 34, tag_id_1810.1 = 36, tag_id_2062.1 = 51, tag_id_2178.1 = 56, tag_id_2203.1 = 59, tag_id_2368.1 = 67, tag_id_2499.1 = 68, tag_id_913.1 = 87, tag_id_942.1 = 88, tag_id_981.1 = 89)"
"43","krista","gtseq3_H-14-MI-V0272","miniatus","miniatus","1","-108.107902358368","-9.71181296704688","74","16","c(Plate_1_A11_Sat_GE820299_consensus.1 = 2, Plate_2_C08_Sat_EW987116_consensus.1 = 4, Plate_4_E10_Sat_EW976030_consensus.1 = 7, tag_id_1184.1 = 11, tag_id_1441.1 = 17, tag_id_1558.1 = 21, tag_id_179.1 = 33, tag_id_1810.1 = 36, tag_id_2062.1 = 51, tag_id_2178.1 = 56, tag_id_2203.1 = 59, tag_id_2368.1 = 67, tag_id_2499.1 = 68, tag_id_913.1 = 87, tag_id_942.1 = 88, tag_id_981.1 = 89)"
"44","krista","gtseq3_H-14-MI-V0273","miniatus","miniatus","1","-100.083014384245","-9.12456726230161","71","19","c(Plate_1_A11_Sat_GE820299_consensus.1 = 2, Plate_2_C08_Sat_EW987116_consensus.1 = 4, Plate_4_E10_Sat_EW976030_consensus.1 = 7, tag_id_1441.1 = 17, tag_id_1558.1 = 21, tag_id_1751.1 = 31, tag_id_179.1 = 33, tag_id_1804.1 = 34, tag_id_1810.1 = 36, tag_id_1880.1 = 39, tag_id_2062.1 = 51, tag_id_2178.1 = 56, tag_id_2203.1 = 59, tag_id_2368.1 = 67, tag_id_2499.1 = 68, tag_id_770.1 = 80, tag_id_879.1 = 86, tag_id_942.1 = 88, tag_id_981.1 = 89)"
"45","krista","gtseq3_H-14-MI-V0275","miniatus","miniatus","1","-140.755560385956","-12.4993920276203","83","7","c(Plate_1_A11_Sat_GE820299_consensus.1 = 2, Plate_4_E10_Sat_EW976030_consensus.1 = 7, tag_id_1558.1 = 21, tag_id_1810.1 = 36, tag_id_2368.1 = 67, tag_id_942.1 = 88, tag_id_981.1 = 89)"
"46","krista","gtseq3_H-14-MI-V0277","miniatus","miniatus","1","-117.192523868813","-11.1422422256834","73","17","c(Plate_1_A11_Sat_GE820299_consensus.1 = 2, Plate_4_E10_Sat_EW976030_consensus.1 = 7, tag_id_1184.1 = 11, tag_id_1441.1 = 17, tag_id_1558.1 = 21, tag_id_1652.1 = 27, tag_id_1751.1 = 31, tag_id_179.1 = 33, tag_id_1810.1 = 36, tag_id_2062.1 = 51, tag_id_2178.1 = 56, tag_id_2203.1 = 59, tag_id_2368.1 = 67, tag_id_2499.1 = 68, tag_id_770.1 = 80, tag_id_942.1 = 88, tag_id_981.1 = 89)"
"47","krista","gtseq3_H-14-MI-V0281","miniatus","miniatus","1","-97.674217569839","-9.50881281106337","67","23","c(Plate_1_A11_Sat_GE820299_consensus.1 = 2, Plate_4_E10_Sat_EW976030_consensus.1 = 7, tag_id_1441.1 = 17, tag_id_1449.1 = 18, tag_id_1558.1 = 21, tag_id_1613.1 = 25, tag_id_1751.1 = 31, tag_id_1762.1 = 32, tag_id_179.1 = 33, tag_id_1804.1 = 34, tag_id_1810.1 = 36, tag_id_1889.1 = 40, tag_id_2062.1 = 51, tag_id_2203.1 = 59, tag_id_2368.1 = 67, tag_id_2499.1 = 68, tag_id_410.1 = 75, tag_id_770.1 = 80, tag_id_874.1 = 84, tag_id_879.1 = 86, tag_id_913.1 = 87, tag_id_942.1 = 88, tag_id_981.1 = 89)"
"48","krista","gtseq3_H-18-MI-BL-A0020","mystinus","mystinus","1","-29.828403705987","0.685793097787187","71","19","c(Plate_1_A11_Sat_GE820299_consensus.1 = 2, tag_id_143.1 = 16, tag_id_1558.1 = 21, tag_id_1613.1 = 25, tag_id_1762.1 = 32, tag_id_179.1 = 33, tag_id_1810.1 = 36, tag_id_1836.1 = 37, tag_id_1850.1 = 38, tag_id_1889.1 = 40, tag_id_1915.1 = 41, tag_id_2178.1 = 56, tag_id_2203.1 = 59, tag_id_2301.1 = 65, tag_id_2499.1 = 68, tag_id_2635.1 = 71, tag_id_770.1 = 80, tag_id_879.1 = 86, tag_id_987.1 = 90)"
"49","krista","gtseq3_H-18-MI-BL-A0022","mystinus","mystinus","1","-41.9770521526986","-0.94345113156032","72","18","c(Plate_1_A11_Sat_GE820299_consensus.1 = 2, Plate_4_E10_Sat_EW976030_consensus.1 = 7, tag_id_1558.1 = 21, tag_id_1751.1 = 31, tag_id_1762.1 = 32, tag_id_179.1 = 33, tag_id_1810.1 = 36, tag_id_1836.1 = 37, tag_id_1850.1 = 38, tag_id_1889.1 = 40, tag_id_1915.1 = 41, tag_id_2017.1 = 50, tag_id_2178.1 = 56, tag_id_2203.1 = 59, tag_id_2301.1 = 65, tag_id_2499.1 = 68, tag_id_2635.1 = 71, tag_id_987.1 = 90)"
"50","krista","gtseq3_H-18-MI-BL-A0188","mystinus","mystinus","1","-33.8325206335746","0.248512517808846","72","18","c(Plate_1_A11_Sat_GE820299_consensus.1 = 2, Plate_4_E10_Sat_EW976030_consensus.1 = 7, tag_id_143.1 = 16, tag_id_1558.1 = 21, tag_id_1762.1 = 32, tag_id_179.1 = 33, tag_id_1810.1 = 36, tag_id_1836.1 = 37, tag_id_1850.1 = 38, tag_id_1889.1 = 40, tag_id_1915.1 = 41, tag_id_2062.1 = 51, tag_id_2178.1 = 56, tag_id_2203.1 = 59, tag_id_2301.1 = 65, tag_id_2499.1 = 68, tag_id_2635.1 = 71, tag_id_987.1 = 90)"
"51","krista","gtseq3_H-18-MI-BL-A0193","mystinus","mystinus","1","-45.6658999778797","-0.423349528737014","76","14","c(tag_id_1558.1 = 21, tag_id_1613.1 = 25, tag_id_1762.1 = 32, tag_id_179.1 = 33, tag_id_1810.1 = 36, tag_id_1836.1 = 37, tag_id_1850.1 = 38, tag_id_1915.1 = 41, tag_id_2062.1 = 51, tag_id_2178.1 = 56, tag_id_2203.1 = 59, tag_id_2301.1 = 65, tag_id_2499.1 = 68, tag_id_2635.1 = 71)"
"52","krista","gtseq3_H-18-MI-BL-A0194","mystinus","mystinus","1","-28.5803291712469","1.47600272018033","75","15","c(Plate_1_A11_Sat_GE820299_consensus.1 = 2, Plate_4_E10_Sat_EW976030_consensus.1 = 7, tag_id_1558.1 = 21, tag_id_1762.1 = 32, tag_id_179.1 = 33, tag_id_1810.1 = 36, tag_id_1836.1 = 37, tag_id_1850.1 = 38, tag_id_1889.1 = 40, tag_id_1915.1 = 41, tag_id_2178.1 = 56, tag_id_2203.1 = 59, tag_id_2301.1 = 65, tag_id_2499.1 = 68, tag_id_2635.1 = 71)"
"53","krista","gtseq3_H-18-MI-BL-A0866","mystinus","mystinus","1","-41.2609664805349","-1.04252738720951","72","18","c(Plate_2_G06_Sat_EW987118_consensus.1 = 5, Plate_4_E10_Sat_EW976030_consensus.1 = 7, tag_id_143.1 = 16, tag_id_1558.1 = 21, tag_id_1762.1 = 32, tag_id_179.1 = 33, tag_id_1810.1 = 36, tag_id_1836.1 = 37, tag_id_1850.1 = 38, tag_id_1889.1 = 40, tag_id_1915.1 = 41, tag_id_2178.1 = 56, tag_id_2203.1 = 59, tag_id_2301.1 = 65, tag_id_2499.1 = 68, tag_id_2635.1 = 71, tag_id_770.1 = 80, tag_id_987.1 = 90)"
"54","krista","gtseq3_T-08-NA-BL-M1341","diaconus","diaconus","0.999999999984207","-19.9977505659853","0.526998806224724","60","30","c(Plate_1_A11_Sat_GE820299_consensus.1 = 2, Plate_2_G06_Sat_EW987118_consensus.1 = 5, Plate_4_E10_Sat_EW976030_consensus.1 = 7, tag_id_1184.1 = 11, tag_id_143.1 = 16, tag_id_1471.1 = 19, tag_id_1558.1 = 21, tag_id_1613.1 = 25, tag_id_1652.1 = 27, tag_id_1751.1 = 31, tag_id_1762.1 = 32, tag_id_179.1 = 33, tag_id_1836.1 = 37, tag_id_1850.1 = 38, tag_id_1880.1 = 39, tag_id_1889.1 = 40, tag_id_1915.1 = 41, tag_id_1982.1 = 45, tag_id_2017.1 = 50, tag_id_2062.1 = 51, tag_id_2178.1 = 56, tag_id_220.1 = 58, 
tag_id_2203.1 = 59, tag_id_2301.1 = 65, tag_id_2499.1 = 68, tag_id_2635.1 = 71, tag_id_875.1 = 85, tag_id_879.1 = 86, tag_id_981.1 = 89, tag_id_987.1 = 90)"
"55","krista","gtseq3_T-08-NA-BL-M1342","diaconus","diaconus","1","-29.8299707344744","0.583212664822856","74","16","c(Plate_1_A11_Sat_GE820299_consensus.1 = 2, tag_id_1558.1 = 21, tag_id_1751.1 = 31, tag_id_1762.1 = 32, tag_id_179.1 = 33, tag_id_1836.1 = 37, tag_id_1850.1 = 38, tag_id_1889.1 = 40, tag_id_1915.1 = 41, tag_id_2178.1 = 56, tag_id_2203.1 = 59, tag_id_2301.1 = 65, tag_id_2499.1 = 68, tag_id_2635.1 = 71, tag_id_879.1 = 86, tag_id_987.1 = 90)"
"56","krista","gtseq3_T-19-EX-RE0053","aleutianus","aleutianus","1","-33.8593557543861","1.09457795034948","68","22","c(Plate_1_A11_Sat_GE820299_consensus.1 = 2, Plate_2_G06_Sat_EW987118_consensus.1 = 5, Plate_4_E10_Sat_EW976030_consensus.1 = 7, tag_id_1184.1 = 11, tag_id_1449.1 = 18, tag_id_1471.1 = 19, tag_id_1652.1 = 27, tag_id_1751.1 = 31, tag_id_1762.1 = 32, tag_id_179.1 = 33, tag_id_1810.1 = 36, tag_id_1850.1 = 38, tag_id_1950.1 = 42, tag_id_2062.1 = 51, tag_id_2203.1 = 59, tag_id_2499.1 = 68, tag_id_265.1 = 72, tag_id_402.1 = 74, tag_id_55.1 = 77, tag_id_879.1 = 86, tag_id_942.1 = 88, tag_id_987.1 = 90)"
"57","krista","gtseq3_T-19-EX-RE0054","aleutianus","aleutianus","1","-48.5131653130506","-0.690695494676124","66","24","c(Plate_1_A11_Sat_GE820299_consensus.1 = 2, Plate_2_G06_Sat_EW987118_consensus.1 = 5, Plate_4_E10_Sat_EW976030_consensus.1 = 7, tag_id_1184.1 = 11, tag_id_1449.1 = 18, tag_id_1471.1 = 19, tag_id_1652.1 = 27, tag_id_1751.1 = 31, tag_id_1762.1 = 32, tag_id_179.1 = 33, tag_id_1804.1 = 34, tag_id_1810.1 = 36, tag_id_1850.1 = 38, tag_id_1950.1 = 42, tag_id_2062.1 = 51, tag_id_2203.1 = 59, tag_id_2301.1 = 65, tag_id_2499.1 = 68, tag_id_265.1 = 72, tag_id_402.1 = 74, tag_id_55.1 = 77, tag_id_879.1 = 86, 
tag_id_942.1 = 88, tag_id_987.1 = 90)"
"58","krista","gtseq3_T-19-EX-RE0055","aleutianus","aleutianus","1","-54.3319285125786","-1.349892482313","67","23","c(Plate_1_A11_Sat_GE820299_consensus.1 = 2, Plate_2_G06_Sat_EW987118_consensus.1 = 5, Plate_4_E10_Sat_EW976030_consensus.1 = 7, tag_id_1184.1 = 11, tag_id_1449.1 = 18, tag_id_1471.1 = 19, tag_id_1652.1 = 27, tag_id_1751.1 = 31, tag_id_1762.1 = 32, tag_id_179.1 = 33, tag_id_1810.1 = 36, tag_id_1850.1 = 38, tag_id_1950.1 = 42, tag_id_2017.1 = 50, tag_id_2062.1 = 51, tag_id_2301.1 = 65, tag_id_2499.1 = 68, tag_id_402.1 = 74, tag_id_55.1 = 77, tag_id_879.1 = 86, tag_id_913.1 = 87, tag_id_942.1 = 88, 
tag_id_987.1 = 90)"
"59","krista","gtseq3_T-19-EX-RE0056","aleutianus","aleutianus","1","-49.5100368738484","-0.967851501697438","64","26","c(Plate_1_A11_Sat_GE820299_consensus.1 = 2, Plate_2_G06_Sat_EW987118_consensus.1 = 5, Plate_4_E10_Sat_EW976030_consensus.1 = 7, tag_id_1184.1 = 11, tag_id_1441.1 = 17, tag_id_1449.1 = 18, tag_id_1471.1 = 19, tag_id_1558.1 = 21, tag_id_1652.1 = 27, tag_id_1762.1 = 32, tag_id_179.1 = 33, tag_id_1810.1 = 36, tag_id_1850.1 = 38, tag_id_1950.1 = 42, tag_id_2017.1 = 50, tag_id_2062.1 = 51, tag_id_2301.1 = 65, tag_id_2499.1 = 68, tag_id_265.1 = 72, tag_id_402.1 = 74, tag_id_55.1 = 77, tag_id_874.1 = 84, 
tag_id_879.1 = 86, tag_id_913.1 = 87, tag_id_942.1 = 88, tag_id_987.1 = 90)"
"60","krista","gtseq3_T-19-EX-RE0057","aleutianus","aleutianus","1","-44.4833437150701","-0.319288641328116","65","25","c(Plate_1_A11_Sat_GE820299_consensus.1 = 2, Plate_2_G06_Sat_EW987118_consensus.1 = 5, Plate_4_E10_Sat_EW976030_consensus.1 = 7, tag_id_1184.1 = 11, tag_id_1449.1 = 18, tag_id_1471.1 = 19, tag_id_1558.1 = 21, tag_id_1613.1 = 25, tag_id_1652.1 = 27, tag_id_1751.1 = 31, tag_id_1762.1 = 32, tag_id_179.1 = 33, tag_id_1810.1 = 36, tag_id_1850.1 = 38, tag_id_1950.1 = 42, tag_id_2017.1 = 50, tag_id_2062.1 = 51, tag_id_2301.1 = 65, tag_id_402.1 = 74, tag_id_55.1 = 77, tag_id_788.1 = 81, tag_id_874.1 = 84, 
tag_id_879.1 = 86, tag_id_942.1 = 88, tag_id_987.1 = 90)"
"61","krista","gtseq3_T-19-EX-RE0058","aleutianus","aleutianus","1","-49.9212463047775","-0.94145433470925","63","27","c(Plate_1_A11_Sat_GE820299_consensus.1 = 2, Plate_2_G06_Sat_EW987118_consensus.1 = 5, Plate_4_E10_Sat_EW976030_consensus.1 = 7, tag_id_1184.1 = 11, tag_id_1471.1 = 19, tag_id_1652.1 = 27, tag_id_1751.1 = 31, tag_id_1762.1 = 32, tag_id_179.1 = 33, tag_id_1810.1 = 36, tag_id_1850.1 = 38, tag_id_1950.1 = 42, tag_id_1966.2 = 44, tag_id_2062.1 = 51, tag_id_2203.1 = 59, tag_id_2301.1 = 65, tag_id_2499.1 = 68, tag_id_265.1 = 72, tag_id_402.1 = 74, tag_id_55.1 = 77, tag_id_770.1 = 80, tag_id_874.1 = 84, 
tag_id_879.1 = 86, tag_id_913.1 = 87, tag_id_942.1 = 88, tag_id_981.1 = 89, tag_id_987.1 = 90)"
"62","krista","gtseq3_T-19-EX-RE0059","aleutianus","aleutianus","1","-57.8750800463197","-0.580337593135453","72","18","c(Plate_1_A11_Sat_GE820299_consensus.1 = 2, Plate_2_G06_Sat_EW987118_consensus.1 = 5, Plate_4_E10_Sat_EW976030_consensus.1 = 7, tag_id_1471.1 = 19, tag_id_1652.1 = 27, tag_id_1751.1 = 31, tag_id_1762.1 = 32, tag_id_179.1 = 33, tag_id_1810.1 = 36, tag_id_1950.1 = 42, tag_id_2062.1 = 51, tag_id_2301.1 = 65, tag_id_2499.1 = 68, tag_id_402.1 = 74, tag_id_55.1 = 77, tag_id_879.1 = 86, tag_id_942.1 = 88, tag_id_987.1 = 90)"
"63","krista","gtseq3_T-19-EX-RE0060","melanostictus","melanostictus","1","-68.5853404350359","0.112030946321727","66","24","c(Plate_1_A11_Sat_GE820299_consensus.1 = 2, Plate_2_G06_Sat_EW987118_consensus.1 = 5, Plate_4_E10_Sat_EW976030_consensus.1 = 7, tag_id_1184.1 = 11, tag_id_143.1 = 16, tag_id_1441.1 = 17, tag_id_1449.1 = 18, tag_id_1471.1 = 19, tag_id_1652.1 = 27, tag_id_1762.1 = 32, tag_id_179.1 = 33, tag_id_1804.1 = 34, tag_id_1810.1 = 36, tag_id_1850.1 = 38, tag_id_1950.1 = 42, tag_id_1966.2 = 44, tag_id_2017.1 = 50, tag_id_2062.1 = 51, tag_id_2499.1 = 68, tag_id_55.1 = 77, tag_id_879.1 = 86, tag_id_942.1 = 88, 
tag_id_981.1 = 89, tag_id_987.1 = 90)"
"64","krista","gtseq3_T-19-EX-RE0061","melanostictus","melanostictus","0.999902735615912","-120.504083640111","-3.94161311618122","73","17","c(Plate_1_A11_Sat_GE820299_consensus.1 = 2, Plate_2_G06_Sat_EW987118_consensus.1 = 5, Plate_4_E10_Sat_EW976030_consensus.1 = 7, tag_id_1471.1 = 19, tag_id_1652.1 = 27, tag_id_1751.1 = 31, tag_id_1762.1 = 32, tag_id_179.1 = 33, tag_id_1810.1 = 36, tag_id_1950.1 = 42, tag_id_2017.1 = 50, tag_id_2062.1 = 51, tag_id_2301.1 = 65, tag_id_55.1 = 77, tag_id_879.1 = 86, tag_id_942.1 = 88, tag_id_987.1 = 90)"
"65","krista","gtseq3_T-19-EX-RE0062","melanostictus","melanostictus","1","-78.7887278056209","0.343969341045059","75","15","c(Plate_1_A11_Sat_GE820299_consensus.1 = 2, Plate_2_G06_Sat_EW987118_consensus.1 = 5, tag_id_1184.1 = 11, tag_id_1441.1 = 17, tag_id_1471.1 = 19, tag_id_1652.1 = 27, tag_id_1762.1 = 32, tag_id_179.1 = 33, tag_id_1810.1 = 36, tag_id_1950.1 = 42, tag_id_1966.2 = 44, tag_id_2017.1 = 50, tag_id_2499.1 = 68, tag_id_55.1 = 77, tag_id_987.1 = 90)"
"66","krista","gtseq3_T-19-EX-RE0063","melanostictus","melanostictus","1","-87.1653902872804","-0.79811592957521","72","18","c(Plate_1_A11_Sat_GE820299_consensus.1 = 2, Plate_2_G06_Sat_EW987118_consensus.1 = 5, tag_id_1441.1 = 17, tag_id_1471.1 = 19, tag_id_1652.1 = 27, tag_id_1762.1 = 32, tag_id_1810.1 = 36, tag_id_1836.1 = 37, tag_id_1850.1 = 38, tag_id_1950.1 = 42, tag_id_1966.2 = 44, tag_id_2017.1 = 50, tag_id_2062.1 = 51, tag_id_2301.1 = 65, tag_id_55.1 = 77, tag_id_879.1 = 86, tag_id_942.1 = 88, tag_id_987.1 = 90)"
"67","krista","gtseq3_T-19-EX-RE0065","melanostictus","melanostictus","1","-62.1009524461355","1.53710800512434","71","19","c(Plate_1_A11_Sat_GE820299_consensus.1 = 2, Plate_2_G06_Sat_EW987118_consensus.1 = 5, tag_id_1184.1 = 11, tag_id_143.1 = 16, tag_id_1441.1 = 17, tag_id_1449.1 = 18, tag_id_1471.1 = 19, tag_id_1652.1 = 27, tag_id_1762.1 = 32, tag_id_179.1 = 33, tag_id_1804.1 = 34, tag_id_1810.1 = 36, tag_id_1836.1 = 37, tag_id_1850.1 = 38, tag_id_1950.1 = 42, tag_id_2301.1 = 65, tag_id_55.1 = 77, tag_id_874.1 = 84, tag_id_987.1 = 90)"
"68","krista","gtseq3_T-19-EX-RE0066","aleutianus","aleutianus","1","-43.3860445170079","0.673312390237028","73","17","c(Plate_1_A11_Sat_GE820299_consensus.1 = 2, Plate_2_G06_Sat_EW987118_consensus.1 = 5, Plate_4_E10_Sat_EW976030_consensus.1 = 7, tag_id_1471.1 = 19, tag_id_1652.1 = 27, tag_id_1762.1 = 32, tag_id_179.1 = 33, tag_id_1810.1 = 36, tag_id_1850.1 = 38, tag_id_1950.1 = 42, tag_id_2062.1 = 51, tag_id_2203.1 = 59, tag_id_2301.1 = 65, tag_id_402.1 = 74, tag_id_55.1 = 77, tag_id_879.1 = 86, tag_id_987.1 = 90)"
"69","krista","gtseq3_T-19-EX-RE0067","melanostictus","melanostictus","1","-62.4085642143687","0.454137901553535","65","25","c(Plate_1_A11_Sat_GE820299_consensus.1 = 2, Plate_2_G06_Sat_EW987118_consensus.1 = 5, Plate_4_E10_Sat_EW976030_consensus.1 = 7, tag_id_1184.1 = 11, tag_id_143.1 = 16, tag_id_1441.1 = 17, tag_id_1449.1 = 18, tag_id_1471.1 = 19, tag_id_1652.1 = 27, tag_id_1762.1 = 32, tag_id_179.1 = 33, tag_id_1804.1 = 34, tag_id_1810.1 = 36, tag_id_1950.1 = 42, tag_id_1961.1 = 43, tag_id_2017.1 = 50, tag_id_2062.1 = 51, tag_id_2203.1 = 59, tag_id_2301.1 = 65, tag_id_2499.1 = 68, tag_id_2607.1 = 70, tag_id_55.1 = 77, 
tag_id_879.1 = 86, tag_id_942.1 = 88, tag_id_987.1 = 90)"
"70","krista","gtseq3_T-19-EX-RE0068","aleutianus","aleutianus","1","-39.6748519542481","0.718768000358737","70","20","c(Plate_1_A11_Sat_GE820299_consensus.1 = 2, Plate_2_G06_Sat_EW987118_consensus.1 = 5, Plate_4_E10_Sat_EW976030_consensus.1 = 7, tag_id_1184.1 = 11, tag_id_1449.1 = 18, tag_id_1471.1 = 19, tag_id_1652.1 = 27, tag_id_1762.1 = 32, tag_id_179.1 = 33, tag_id_1810.1 = 36, tag_id_1850.1 = 38, tag_id_1950.1 = 42, tag_id_2062.1 = 51, tag_id_2301.1 = 65, tag_id_2499.1 = 68, tag_id_402.1 = 74, tag_id_55.1 = 77, tag_id_879.1 = 86, tag_id_942.1 = 88, tag_id_987.1 = 90)"
"71","krista","gtseq3_T-19-EX-RE0070","melanostictus","melanostictus","1","-58.2924120973655","0.868629678832638","65","25","c(Plate_1_A11_Sat_GE820299_consensus.1 = 2, Plate_2_G06_Sat_EW987118_consensus.1 = 5, Plate_4_E10_Sat_EW976030_consensus.1 = 7, tag_id_1184.1 = 11, tag_id_143.1 = 16, tag_id_1441.1 = 17, tag_id_1449.1 = 18, tag_id_1471.1 = 19, tag_id_1652.1 = 27, tag_id_1762.1 = 32, tag_id_179.1 = 33, tag_id_1804.1 = 34, tag_id_1810.1 = 36, tag_id_1850.1 = 38, tag_id_1950.1 = 42, tag_id_1966.2 = 44, tag_id_2017.1 = 50, tag_id_2062.1 = 51, tag_id_2203.1 = 59, tag_id_250.1 = 69, tag_id_402.1 = 74, tag_id_55.1 = 77, 
tag_id_879.1 = 86, tag_id_942.1 = 88, tag_id_987.1 = 90)"
"72","krista","gtseq3_T-19-EX-RE0071","aleutianus","aleutianus","1","-52.6495215131143","-1.27831333854621","66","24","c(Plate_1_A11_Sat_GE820299_consensus.1 = 2, Plate_2_G06_Sat_EW987118_consensus.1 = 5, Plate_4_E10_Sat_EW976030_consensus.1 = 7, tag_id_1184.1 = 11, tag_id_1449.1 = 18, tag_id_1471.1 = 19, tag_id_1652.1 = 27, tag_id_1751.1 = 31, tag_id_1762.1 = 32, tag_id_179.1 = 33, tag_id_1810.1 = 36, tag_id_1850.1 = 38, tag_id_1950.1 = 42, tag_id_2062.1 = 51, tag_id_2203.1 = 59, tag_id_2301.1 = 65, tag_id_2499.1 = 68, tag_id_265.1 = 72, tag_id_402.1 = 74, tag_id_55.1 = 77, tag_id_879.1 = 86, tag_id_913.1 = 87, 
tag_id_942.1 = 88, tag_id_987.1 = 90)"
"73","krista","gtseq3_T-19-EX-RE0072","melanostictus","melanostictus","0.982926663818119","-117.743058272816","-3.8751646473897","74","16","c(Plate_2_G06_Sat_EW987118_consensus.1 = 5, Plate_4_E10_Sat_EW976030_consensus.1 = 7, tag_id_1449.1 = 18, tag_id_1471.1 = 19, tag_id_1652.1 = 27, tag_id_1762.1 = 32, tag_id_179.1 = 33, tag_id_1810.1 = 36, tag_id_1850.1 = 38, tag_id_1950.1 = 42, tag_id_2062.1 = 51, tag_id_55.1 = 77, tag_id_879.1 = 86, tag_id_913.1 = 87, tag_id_942.1 = 88, tag_id_987.1 = 90)"
"74","krista","gtseq3_T-19-EX-RE0073","aleutianus","aleutianus","1","-35.7470738644609","0.525859154746297","60","30","c(Plate_1_A11_Sat_GE820299_consensus.1 = 2, Plate_2_G06_Sat_EW987118_consensus.1 = 5, Plate_4_E10_Sat_EW976030_consensus.1 = 7, tag_id_1184.1 = 11, tag_id_1449.1 = 18, tag_id_1471.1 = 19, tag_id_1558.1 = 21, tag_id_1613.1 = 25, tag_id_162.1 = 26, tag_id_1652.1 = 27, tag_id_1762.1 = 32, tag_id_179.1 = 33, tag_id_1804.1 = 34, tag_id_1810.1 = 36, tag_id_1850.1 = 38, tag_id_1889.1 = 40, tag_id_1950.1 = 42, tag_id_2062.1 = 51, tag_id_2499.1 = 68, tag_id_265.1 = 72, tag_id_402.1 = 74, tag_id_55.1 = 77, 
tag_id_788.1 = 81, tag_id_843.1 = 82, tag_id_874.1 = 84, tag_id_879.1 = 86, tag_id_913.1 = 87, tag_id_942.1 = 88, tag_id_981.1 = 89, tag_id_987.1 = 90)"
"75","krista","gtseq3_T-19-EX-RE0074","melanostictus","melanostictus","1","-73.6812925957075","0.617987626526265","72","18","c(Plate_1_A11_Sat_GE820299_consensus.1 = 2, Plate_2_G06_Sat_EW987118_consensus.1 = 5, tag_id_143.1 = 16, tag_id_1441.1 = 17, tag_id_1471.1 = 19, tag_id_1652.1 = 27, tag_id_1762.1 = 32, tag_id_179.1 = 33, tag_id_1804.1 = 34, tag_id_1810.1 = 36, tag_id_1950.1 = 42, tag_id_1961.1 = 43, tag_id_1966.2 = 44, tag_id_2062.1 = 51, tag_id_55.1 = 77, tag_id_879.1 = 86, tag_id_942.1 = 88, tag_id_987.1 = 90)"
"76","krista","gtseq3_T-19-EX-RE0075","aleutianus","aleutianus","1","-39.9859503458308","1.41739812563033","75","15","c(Plate_1_A11_Sat_GE820299_consensus.1 = 2, Plate_2_G06_Sat_EW987118_consensus.1 = 5, Plate_4_E10_Sat_EW976030_consensus.1 = 7, tag_id_1272.1 = 13, tag_id_1471.1 = 19, tag_id_1652.1 = 27, tag_id_1762.1 = 32, tag_id_179.1 = 33, tag_id_1810.1 = 36, tag_id_1850.1 = 38, tag_id_1950.1 = 42, tag_id_2301.1 = 65, tag_id_402.1 = 74, tag_id_55.1 = 77, tag_id_987.1 = 90)"
"77","krista","gtseq3_T-19-ST-DE-M1012","diaconus","diaconus","1","-32.4458754567327","0.489879426075437","76","14","c(Plate_1_A11_Sat_GE820299_consensus.1 = 2, tag_id_1558.1 = 21, tag_id_1613.1 = 25, tag_id_1762.1 = 32, tag_id_179.1 = 33, tag_id_1836.1 = 37, tag_id_1850.1 = 38, tag_id_1889.1 = 40, tag_id_1915.1 = 41, tag_id_2178.1 = 56, tag_id_2203.1 = 59, tag_id_2301.1 = 65, tag_id_2499.1 = 68, tag_id_2635.1 = 71)"
"78","krista","gtseq3_T-19-ST-DE-M1013","diaconus","diaconus","1","-35.8231516172172","-0.390070839264102","71","19","c(Plate_1_A11_Sat_GE820299_consensus.1 = 2, Plate_4_E10_Sat_EW976030_consensus.1 = 7, tag_id_1558.1 = 21, tag_id_1751.1 = 31, tag_id_1762.1 = 32, tag_id_179.1 = 33, tag_id_1836.1 = 37, tag_id_1850.1 = 38, tag_id_1889.1 = 40, tag_id_1915.1 = 41, tag_id_2062.1 = 51, tag_id_2178.1 = 56, tag_id_2203.1 = 59, tag_id_2301.1 = 65, tag_id_2499.1 = 68, tag_id_2635.1 = 71, tag_id_770.1 = 80, tag_id_879.1 = 86, tag_id_987.1 = 90)"
"79","krista","gtseq3_T-19-ST-DE-M1014","diaconus","diaconus","0.999999999999997","-26.3264146914878","0.757867134559581","63","27","c(Plate_1_A11_Sat_GE820299_consensus.1 = 2, Plate_2_G06_Sat_EW987118_consensus.1 = 5, Plate_4_E10_Sat_EW976030_consensus.1 = 7, tag_id_1184.1 = 11, tag_id_143.1 = 16, tag_id_1558.1 = 21, tag_id_1613.1 = 25, tag_id_1751.1 = 31, tag_id_1762.1 = 32, tag_id_179.1 = 33, tag_id_1810.1 = 36, tag_id_1836.1 = 37, tag_id_1850.1 = 38, tag_id_1880.1 = 39, tag_id_1915.1 = 41, tag_id_2008.1 = 48, tag_id_2062.1 = 51, tag_id_2178.1 = 56, tag_id_2203.1 = 59, tag_id_2214.1 = 61, tag_id_2301.1 = 65, tag_id_2499.1 = 68, 
tag_id_2635.1 = 71, tag_id_770.1 = 80, tag_id_879.1 = 86, tag_id_981.1 = 89, tag_id_987.1 = 90)"
"80","krista","gtseq3_T-19-ST-DE-M1016","diaconus","diaconus","0.99999999999896","-33.213288127304","0.491478717234257","75","15","c(Plate_4_E10_Sat_EW976030_consensus.1 = 7, tag_id_1558.1 = 21, tag_id_1762.1 = 32, tag_id_179.1 = 33, tag_id_1810.1 = 36, tag_id_1836.1 = 37, tag_id_1850.1 = 38, tag_id_1915.1 = 41, tag_id_2178.1 = 56, tag_id_2203.1 = 59, tag_id_2301.1 = 65, tag_id_2499.1 = 68, tag_id_2635.1 = 71, tag_id_770.1 = 80, tag_id_879.1 = 86)"
"81","krista","gtseq3_T-19-ST-DE-M1017","diaconus","diaconus","1","-29.3835591154851","0.0715407317065172","62","28","c(Plate_1_A11_Sat_GE820299_consensus.1 = 2, Plate_2_C08_Sat_EW987116_consensus.1 = 4, Plate_2_G06_Sat_EW987118_consensus.1 = 5, Plate_4_E10_Sat_EW976030_consensus.1 = 7, tag_id_1184.1 = 11, tag_id_143.1 = 16, tag_id_1449.1 = 18, tag_id_1558.1 = 21, tag_id_1613.1 = 25, tag_id_1652.1 = 27, tag_id_1751.1 = 31, tag_id_1762.1 = 32, tag_id_179.1 = 33, tag_id_1836.1 = 37, tag_id_1850.1 = 38, tag_id_1880.1 = 39, tag_id_1889.1 = 40, tag_id_1915.1 = 41, tag_id_2062.1 = 51, tag_id_2178.1 = 56, tag_id_2203.1 = 59, 
tag_id_2301.1 = 65, tag_id_2499.1 = 68, tag_id_2635.1 = 71, tag_id_770.1 = 80, tag_id_879.1 = 86, tag_id_981.1 = 89, tag_id_987.1 = 90)"
"82","krista","gtseq3_T-19-ST-DE-M1018","diaconus","diaconus","1","-32.9579692044946","0.454999944263403","76","14","c(Plate_1_A11_Sat_GE820299_consensus.1 = 2, tag_id_1558.1 = 21, tag_id_1762.1 = 32, tag_id_179.1 = 33, tag_id_1836.1 = 37, tag_id_1850.1 = 38, tag_id_1889.1 = 40, tag_id_2178.1 = 56, tag_id_2258.1 = 64, tag_id_2301.1 = 65, tag_id_2499.1 = 68, tag_id_2635.1 = 71, tag_id_770.1 = 80, tag_id_987.1 = 90)"
"83","krista","gtseq3_T-19-ST-DE-M1019","diaconus","diaconus","0.999999985355421","-28.568692211856","-0.106006472219049","67","23","c(Plate_1_A11_Sat_GE820299_consensus.1 = 2, Plate_2_G06_Sat_EW987118_consensus.1 = 5, Plate_4_E10_Sat_EW976030_consensus.1 = 7, tag_id_1184.1 = 11, tag_id_1558.1 = 21, tag_id_1613.1 = 25, tag_id_1751.1 = 31, tag_id_1762.1 = 32, tag_id_179.1 = 33, tag_id_1836.1 = 37, tag_id_1850.1 = 38, tag_id_1889.1 = 40, tag_id_1915.1 = 41, tag_id_1982.1 = 45, tag_id_2062.1 = 51, tag_id_2178.1 = 56, tag_id_2203.1 = 59, tag_id_2301.1 = 65, tag_id_2499.1 = 68, tag_id_2635.1 = 71, tag_id_770.1 = 80, tag_id_879.1 = 86, 
tag_id_987.1 = 90)"
"84","krista","gtseq3_T-19-ST-DE-M1020","diaconus","diaconus","0.999999999999936","-16.6294641716678","1.6117744741374","65","25","c(Plate_1_A11_Sat_GE820299_consensus.1 = 2, Plate_2_G06_Sat_EW987118_consensus.1 = 5, Plate_4_E10_Sat_EW976030_consensus.1 = 7, tag_id_1184.1 = 11, tag_id_1558.1 = 21, tag_id_1613.1 = 25, tag_id_1652.1 = 27, tag_id_1751.1 = 31, tag_id_1762.1 = 32, tag_id_179.1 = 33, tag_id_1836.1 = 37, tag_id_1850.1 = 38, tag_id_1889.1 = 40, tag_id_1915.1 = 41, tag_id_1982.1 = 45, tag_id_2017.1 = 50, tag_id_2062.1 = 51, tag_id_2178.1 = 56, tag_id_2203.1 = 59, tag_id_2301.1 = 65, tag_id_2499.1 = 68, tag_id_2635.1 = 71, 
tag_id_55.1 = 77, tag_id_879.1 = 86, tag_id_987.1 = 90)"
"85","krista","gtseq3_T-19-ST-DE-M1021","diaconus","diaconus","1","-38.4010096770405","-0.887945548366979","67","23","c(Plate_1_A11_Sat_GE820299_consensus.1 = 2, Plate_2_G06_Sat_EW987118_consensus.1 = 5, Plate_4_E10_Sat_EW976030_consensus.1 = 7, tag_id_1558.1 = 21, tag_id_1613.1 = 25, tag_id_1751.1 = 31, tag_id_1762.1 = 32, tag_id_179.1 = 33, tag_id_1836.1 = 37, tag_id_1850.1 = 38, tag_id_1889.1 = 40, tag_id_1915.1 = 41, tag_id_2008.1 = 48, tag_id_2062.1 = 51, tag_id_2178.1 = 56, tag_id_2203.1 = 59, tag_id_2258.1 = 64, tag_id_2301.1 = 65, tag_id_2499.1 = 68, tag_id_2635.1 = 71, tag_id_879.1 = 86, tag_id_981.1 = 89, 
tag_id_987.1 = 90)"
"86","krista","gtseq3_T-19-ST-DE-M1023","diaconus","diaconus","1","-23.8890911049721","0.591090685463671","59","31","c(Plate_1_A11_Sat_GE820299_consensus.1 = 2, Plate_2_C08_Sat_EW987116_consensus.1 = 4, Plate_2_G06_Sat_EW987118_consensus.1 = 5, Plate_4_E10_Sat_EW976030_consensus.1 = 7, tag_id_1184.1 = 11, tag_id_143.1 = 16, tag_id_1441.1 = 17, tag_id_1449.1 = 18, tag_id_1558.1 = 21, tag_id_1613.1 = 25, tag_id_1652.1 = 27, tag_id_1751.1 = 31, tag_id_1762.1 = 32, tag_id_179.1 = 33, tag_id_1836.1 = 37, tag_id_1850.1 = 38, tag_id_1880.1 = 39, tag_id_1889.1 = 40, tag_id_1915.1 = 41, tag_id_2017.1 = 50, tag_id_2062.1 = 51, 
tag_id_2178.1 = 56, tag_id_2203.1 = 59, tag_id_2301.1 = 65, tag_id_2499.1 = 68, tag_id_2607.1 = 70, tag_id_2635.1 = 71, tag_id_770.1 = 80, tag_id_879.1 = 86, tag_id_981.1 = 89, tag_id_987.1 = 90)"
"87","krista","gtseq3_T-19-ST-RE0003","aleutianus","aleutianus","1","-41.4163320646853","0.0347913024444263","65","25","c(Plate_1_A11_Sat_GE820299_consensus.1 = 2, Plate_2_G06_Sat_EW987118_consensus.1 = 5, Plate_4_E10_Sat_EW976030_consensus.1 = 7, tag_id_1184.1 = 11, tag_id_1449.1 = 18, tag_id_1471.1 = 19, tag_id_1613.1 = 25, tag_id_1652.1 = 27, tag_id_1751.1 = 31, tag_id_1762.1 = 32, tag_id_179.1 = 33, tag_id_1810.1 = 36, tag_id_1850.1 = 38, tag_id_1889.1 = 40, tag_id_1950.1 = 42, tag_id_2017.1 = 50, tag_id_2062.1 = 51, tag_id_2203.1 = 59, tag_id_2301.1 = 65, tag_id_2499.1 = 68, tag_id_402.1 = 74, tag_id_55.1 = 77, 
tag_id_874.1 = 84, tag_id_879.1 = 86, tag_id_987.1 = 90)"
"88","krista","gtseq3_T-19-ST-RE0004","aleutianus","aleutianus","1","-61.3336415699926","-0.209597275865745","78","12","c(Plate_2_G06_Sat_EW987118_consensus.1 = 5, Plate_4_E10_Sat_EW976030_consensus.1 = 7, tag_id_1272.1 = 13, tag_id_1471.1 = 19, tag_id_1652.1 = 27, tag_id_1762.1 = 32, tag_id_1810.1 = 36, tag_id_1950.1 = 42, tag_id_2499.1 = 68, tag_id_402.1 = 74, tag_id_55.1 = 77, tag_id_874.1 = 84)"
"89","krista","gtseq3_T-19-ST-RE0005","aleutianus","aleutianus","1","-65.4289252405418","-1.39212225189717","75","15","c(Plate_2_G06_Sat_EW987118_consensus.1 = 5, Plate_4_E10_Sat_EW976030_consensus.1 = 7, tag_id_1184.1 = 11, tag_id_1471.1 = 19, tag_id_1652.1 = 27, tag_id_1762.1 = 32, tag_id_179.1 = 33, tag_id_1810.1 = 36, tag_id_1850.1 = 38, tag_id_1950.1 = 42, tag_id_2062.1 = 51, tag_id_2301.1 = 65, tag_id_402.1 = 74, tag_id_55.1 = 77, tag_id_874.1 = 84)"
"90","krista","gtseq3_T-19-ST-RE0006","aleutianus","aleutianus","1","-68.9854698908101","-1.10052095240453","80","10","c(Plate_2_G06_Sat_EW987118_consensus.1 = 5, Plate_4_E10_Sat_EW976030_consensus.1 = 7, tag_id_1471.1 = 19, tag_id_1652.1 = 27, tag_id_1762.1 = 32, tag_id_1810.1 = 36, tag_id_1950.1 = 42, tag_id_2301.1 = 65, tag_id_402.1 = 74, tag_id_987.1 = 90)"
"91","krista","gtseq3_T-19-ST-RE0007","aleutianus","aleutianus","1","-39.9642108983707","0.271272533109105","65","25","c(Plate_1_A11_Sat_GE820299_consensus.1 = 2, Plate_2_G06_Sat_EW987118_consensus.1 = 5, Plate_4_E10_Sat_EW976030_consensus.1 = 7, tag_id_1184.1 = 11, tag_id_1449.1 = 18, tag_id_1471.1 = 19, tag_id_1558.1 = 21, tag_id_1652.1 = 27, tag_id_1751.1 = 31, tag_id_1762.1 = 32, tag_id_179.1 = 33, tag_id_1810.1 = 36, tag_id_1850.1 = 38, tag_id_1950.1 = 42, tag_id_2017.1 = 50, tag_id_2062.1 = 51, tag_id_2301.1 = 65, tag_id_2499.1 = 68, tag_id_402.1 = 74, tag_id_55.1 = 77, tag_id_874.1 = 84, tag_id_879.1 = 86, 
tag_id_942.1 = 88, tag_id_981.1 = 89, tag_id_987.1 = 90)"
"92","krista","gtseq3_T-19-ST-RE0008","aleutianus","aleutianus","1","-66.6690907171866","-0.868162672766472","80","10","c(Plate_2_G06_Sat_EW987118_consensus.1 = 5, Plate_4_E10_Sat_EW976030_consensus.1 = 7, tag_id_1471.1 = 19, tag_id_1652.1 = 27, tag_id_1762.1 = 32, tag_id_1810.1 = 36, tag_id_1850.1 = 38, tag_id_1950.1 = 42, tag_id_2301.1 = 65, tag_id_402.1 = 74)"
"93","krista","gtseq3_T-19-ST-RE0009","aleutianus","aleutianus","1","-48.4904979980405","0.392162160972507","76","14","c(Plate_1_A11_Sat_GE820299_consensus.1 = 2, Plate_2_G06_Sat_EW987118_consensus.1 = 5, Plate_4_E10_Sat_EW976030_consensus.1 = 7, tag_id_1471.1 = 19, tag_id_1652.1 = 27, tag_id_1762.1 = 32, tag_id_179.1 = 33, tag_id_1810.1 = 36, tag_id_1850.1 = 38, tag_id_1950.1 = 42, tag_id_2062.1 = 51, tag_id_2499.1 = 68, tag_id_402.1 = 74, tag_id_987.1 = 90)"
"94","krista","gtseq3_T-19-ST-RE0010","aleutianus","aleutianus","1","-72.2494910698744","-2.10260559352975","77","13","c(Plate_2_G06_Sat_EW987118_consensus.1 = 5, Plate_4_E10_Sat_EW976030_consensus.1 = 7, tag_id_1471.1 = 19, tag_id_1652.1 = 27, tag_id_1762.1 = 32, tag_id_1810.1 = 36, tag_id_1850.1 = 38, tag_id_1950.1 = 42, tag_id_2301.1 = 65, tag_id_402.1 = 74, tag_id_55.1 = 77, tag_id_874.1 = 84, tag_id_987.1 = 90)"
"95","krista","gtseq3_T-19-ST-RE0011","aleutianus","aleutianus","1","-61.2228404346715","-0.00162624329973331","79","11","c(Plate_2_G06_Sat_EW987118_consensus.1 = 5, Plate_4_E10_Sat_EW976030_consensus.1 = 7, tag_id_1272.1 = 13, tag_id_1471.1 = 19, tag_id_1652.1 = 27, tag_id_1762.1 = 32, tag_id_1810.1 = 36, tag_id_1850.1 = 38, tag_id_1950.1 = 42, tag_id_2301.1 = 65, tag_id_55.1 = 77)"
"96","krista","gtseq3_T-19-ST-RE0012","aleutianus","aleutianus","1","-64.4915119491989","-1.31148298254759","74","16","c(Plate_1_A11_Sat_GE820299_consensus.1 = 2, Plate_2_G06_Sat_EW987118_consensus.1 = 5, Plate_4_E10_Sat_EW976030_consensus.1 = 7, tag_id_1184.1 = 11, tag_id_1471.1 = 19, tag_id_1652.1 = 27, tag_id_1762.1 = 32, tag_id_179.1 = 33, tag_id_1810.1 = 36, tag_id_1850.1 = 38, tag_id_1950.1 = 42, tag_id_2301.1 = 65, tag_id_402.1 = 74, tag_id_55.1 = 77, tag_id_879.1 = 86, tag_id_987.1 = 90)"
"97","krista","gtseq3_T-19-ST-RE0013","aleutianus","aleutianus","1","-50.5077335308395","-0.0270336830295744","72","18","c(Plate_1_A11_Sat_GE820299_consensus.1 = 2, Plate_2_G06_Sat_EW987118_consensus.1 = 5, Plate_4_E10_Sat_EW976030_consensus.1 = 7, tag_id_1471.1 = 19, tag_id_1652.1 = 27, tag_id_1762.1 = 32, tag_id_179.1 = 33, tag_id_1810.1 = 36, tag_id_1850.1 = 38, tag_id_1950.1 = 42, tag_id_2062.1 = 51, tag_id_2301.1 = 65, tag_id_2499.1 = 68, tag_id_402.1 = 74, tag_id_55.1 = 77, tag_id_879.1 = 86, tag_id_942.1 = 88, tag_id_987.1 = 90)"
"98","krista","gtseq3_T-19-ST-RE0015","aleutianus","aleutianus","1","-47.7450234236131","0.193990914966413","72","18","c(Plate_1_A11_Sat_GE820299_consensus.1 = 2, Plate_2_G06_Sat_EW987118_consensus.1 = 5, Plate_4_E10_Sat_EW976030_consensus.1 = 7, tag_id_1184.1 = 11, tag_id_1471.1 = 19, tag_id_1652.1 = 27, tag_id_1762.1 = 32, tag_id_179.1 = 33, tag_id_1810.1 = 36, tag_id_1850.1 = 38, tag_id_1950.1 = 42, tag_id_2062.1 = 51, tag_id_2301.1 = 65, tag_id_402.1 = 74, tag_id_55.1 = 77, tag_id_879.1 = 86, tag_id_942.1 = 88, tag_id_987.1 = 90)"
"99","krista","gtseq3_T-19-ST-RE0016","aleutianus","aleutianus","1","-37.8254057340088","0.429200768820916","64","26","c(Plate_1_A11_Sat_GE820299_consensus.1 = 2, Plate_2_C08_Sat_EW987116_consensus.1 = 4, Plate_2_G06_Sat_EW987118_consensus.1 = 5, Plate_4_E10_Sat_EW976030_consensus.1 = 7, tag_id_1184.1 = 11, tag_id_1449.1 = 18, tag_id_1471.1 = 19, tag_id_1652.1 = 27, tag_id_1751.1 = 31, tag_id_1762.1 = 32, tag_id_179.1 = 33, tag_id_1810.1 = 36, tag_id_1850.1 = 38, tag_id_1950.1 = 42, tag_id_2017.1 = 50, tag_id_2062.1 = 51, tag_id_2203.1 = 59, tag_id_2301.1 = 65, tag_id_2499.1 = 68, tag_id_402.1 = 74, tag_id_55.1 = 77, 
tag_id_874.1 = 84, tag_id_879.1 = 86, tag_id_942.1 = 88, tag_id_981.1 = 89, tag_id_987.1 = 90)"
"100","krista","gtseq3_T-19-ST-RE0017","aleutianus","aleutianus","1","-38.2441132316906","1.22758967849016","74","16","c(Plate_1_A11_Sat_GE820299_consensus.1 = 2, Plate_2_G06_Sat_EW987118_consensus.1 = 5, Plate_4_E10_Sat_EW976030_consensus.1 = 7, tag_id_1184.1 = 11, tag_id_1449.1 = 18, tag_id_1471.1 = 19, tag_id_1652.1 = 27, tag_id_1762.1 = 32, tag_id_179.1 = 33, tag_id_1810.1 = 36, tag_id_1850.1 = 38, tag_id_1950.1 = 42, tag_id_2301.1 = 65, tag_id_402.1 = 74, tag_id_55.1 = 77, tag_id_987.1 = 90)"
"101","krista","gtseq3_T-19-ST-RE0022","aleutianus","aleutianus","1","-46.3914820935297","-0.0145266161304415","65","25","c(Plate_1_A11_Sat_GE820299_consensus.1 = 2, Plate_2_G06_Sat_EW987118_consensus.1 = 5, Plate_4_E10_Sat_EW976030_consensus.1 = 7, tag_id_1184.1 = 11, tag_id_1449.1 = 18, tag_id_1471.1 = 19, tag_id_1558.1 = 21, tag_id_1652.1 = 27, tag_id_1762.1 = 32, tag_id_179.1 = 33, tag_id_1810.1 = 36, tag_id_1950.1 = 42, tag_id_2017.1 = 50, tag_id_2062.1 = 51, tag_id_2203.1 = 59, tag_id_2301.1 = 65, tag_id_2499.1 = 68, tag_id_402.1 = 74, tag_id_55.1 = 77, tag_id_875.1 = 85, tag_id_879.1 = 86, tag_id_913.1 = 87, 
tag_id_942.1 = 88, tag_id_981.1 = 89, tag_id_987.1 = 90)"
"102","krista","gtseq3_T-19-ST-RE0024","aleutianus","aleutianus","1","-57.1237736109045","-0.428653842133401","75","15","c(Plate_1_A11_Sat_GE820299_consensus.1 = 2, Plate_2_G06_Sat_EW987118_consensus.1 = 5, Plate_4_E10_Sat_EW976030_consensus.1 = 7, tag_id_1449.1 = 18, tag_id_1471.1 = 19, tag_id_1652.1 = 27, tag_id_1762.1 = 32, tag_id_1810.1 = 36, tag_id_1850.1 = 38, tag_id_1950.1 = 42, tag_id_2017.1 = 50, tag_id_2301.1 = 65, tag_id_2499.1 = 68, tag_id_402.1 = 74, tag_id_55.1 = 77)"
