[Header],,,,,,,,
IEMFileVersion,5,,,,,,,
Experiment Name,20230110_POPMix_POP_PCOD_BFAL,,,,,,,
Date,1/10/2023,,,,,,,
Workflow,GenerateFASTQ,,,,,,,
Application,FASTQ Only,,,,,,,
Instrument Type,MiSeq,,,,,,,
Assay,,,,,,,,
Index Adapters,,,,,,,,
Chemistry,Amplicon,,,,,,,
[Reads],,,,,,,,
76,,,,,,,,
76,,,,,,,,
[Settings],,,,,,,,
ReverseComplement,0,,,,,,,
Adapter,AATGATACGGCGACCACCGAGATCTACAC,,,,,,,
AdapterRead2,CAAGCAGAAGACGGCATACGAGAT,,,,,,,
,,,,,,,,
[Data],,,,,,,,
Sample_ID,Sample_Plate,Sample_Well,I7_Index_ID,index,I5_Index_ID,index2,Sample_Project,Description
9526,DNA0009,A01,GTseq_i7_i01,CGTGAT,AAACGG,AAACGG,POPMix,
9529,DNA0009,B01,GTseq_i7_i01,CGTGAT,ACTCTT,ACTCTT,POPMix,
9530,DNA0009,C01,GTseq_i7_i01,CGTGAT,ATTCCG,ATTCCG,POPMix,
9531,DNA0009,D01,GTseq_i7_i01,CGTGAT,CGAGGC,CGAGGC,POPMix,
9532,DNA0009,E01,GTseq_i7_i01,CGTGAT,GAAATG,GAAATG,POPMix,
9533,DNA0009,F01,GTseq_i7_i01,CGTGAT,GGACTT,GGACTT,POPMix,
9534,DNA0009,G01,GTseq_i7_i01,CGTGAT,TAAGCT,TAAGCT,POPMix,
9535,DNA0009,H01,GTseq_i7_i01,CGTGAT,TCTTCT,TCTTCT,POPMix,
9536,DNA0009,A02,GTseq_i7_i01,CGTGAT,AACGTT,AACGTT,POPMix,
9537,DNA0009,B02,GTseq_i7_i01,CGTGAT,ACTGGC,ACTGGC,POPMix,
9538,DNA0009,C02,GTseq_i7_i01,CGTGAT,CAAAAA,CAAAAA,POPMix,
9539,DNA0009,D02,GTseq_i7_i01,CGTGAT,CGCAGA,CGCAGA,POPMix,
9540,DNA0009,E02,GTseq_i7_i01,CGTGAT,GAACCA,GAACCA,POPMix,
9541,DNA0009,F02,GTseq_i7_i01,CGTGAT,GGCAAG,GGCAAG,POPMix,
9542,DNA0009,G02,GTseq_i7_i01,CGTGAT,TAATTC,TAATTC,POPMix,
9543,DNA0010,H02,GTseq_i7_i01,CGTGAT,TGAACC,TGAACC,POPMix,
9544,DNA0010,A03,GTseq_i7_i01,CGTGAT,AACTGA,AACTGA,POPMix,
9545,DNA0010,B03,GTseq_i7_i01,CGTGAT,AGCCAT,AGCCAT,POPMix,
9546,DNA0010,C03,GTseq_i7_i01,CGTGAT,CAATCG,CAATCG,POPMix,
9547,DNA0010,D03,GTseq_i7_i01,CGTGAT,CGCGTG,CGCGTG,POPMix,
9548,DNA0010,E03,GTseq_i7_i01,CGTGAT,GACGAC,GACGAC,POPMix,
9549,DNA0010,F03,GTseq_i7_i01,CGTGAT,GGGCGC,GGGCGC,POPMix,
9550,DNA0010,G03,GTseq_i7_i01,CGTGAT,TACACA,TACACA,POPMix,
9551,DNA0010,H03,GTseq_i7_i01,CGTGAT,TGACAA,TGACAA,POPMix,
9552,DNA0010,A04,GTseq_i7_i01,CGTGAT,AAGACG,AAGACG,POPMix,
9553,DNA0010,B04,GTseq_i7_i01,CGTGAT,AGCGCA,AGCGCA,POPMix,
9554,DNA0010,C04,GTseq_i7_i01,CGTGAT,CACCTC,CACCTC,POPMix,
9555,DNA0010,D04,GTseq_i7_i01,CGTGAT,CGGTCC,CGGTCC,POPMix,
9556,DNA0010,E04,GTseq_i7_i01,CGTGAT,GACTCT,GACTCT,POPMix,
9557,DNA0010,F04,GTseq_i7_i01,CGTGAT,GGGGCG,GGGGCG,POPMix,
9558,DNA0010,G04,GTseq_i7_i01,CGTGAT,TACGGG,TACGGG,POPMix,
9561,DNA0010,H04,GTseq_i7_i01,CGTGAT,TGCCCG,TGCCCG,POPMix,
9562,DNA0010,A05,GTseq_i7_i01,CGTGAT,AAGCTA,AAGCTA,POPMix,
9563,DNA0010,B05,GTseq_i7_i01,CGTGAT,AGGGTC,AGGGTC,POPMix,
9564,DNA0010,C05,GTseq_i7_i01,CGTGAT,CAGGCA,CAGGCA,POPMix,
9565,DNA0010,D05,GTseq_i7_i01,CGTGAT,CGTCTA,CGTCTA,POPMix,
9566,DNA0010,E05,GTseq_i7_i01,CGTGAT,GAGAGA,GAGAGA,POPMix,
9567,DNA0010,F05,GTseq_i7_i01,CGTGAT,GGTACA,GGTACA,POPMix,
9568,DNA0010,G05,GTseq_i7_i01,CGTGAT,TAGTAT,TAGTAT,POPMix,
9569,DNA0010,H05,GTseq_i7_i01,CGTGAT,TGCTTA,TGCTTA,POPMix,
9570,DNA0010,A06,GTseq_i7_i01,CGTGAT,AATATC,AATATC,POPMix,
9571,DNA0010,B06,GTseq_i7_i01,CGTGAT,AGGTGT,AGGTGT,POPMix,
9572,DNA0010,C06,GTseq_i7_i01,CGTGAT,CATACT,CATACT,POPMix,
9573,DNA0010,D06,GTseq_i7_i01,CGTGAT,CGTGAT,CGTGAT,POPMix,
9574,DNA0010,E06,GTseq_i7_i01,CGTGAT,GATCGT,GATCGT,POPMix,
9575,DNA0010,F06,GTseq_i7_i01,CGTGAT,GGTTTG,GGTTTG,POPMix,
9576,DNA0010,G06,GTseq_i7_i01,CGTGAT,TATCAC,TATCAC,POPMix,
9577,DNA0010,H06,GTseq_i7_i01,CGTGAT,TGGGGA,TGGGGA,POPMix,
706,1,A07,GTseq_i7_i01,CGTGAT,AATGAG,AATGAG,POPMix,
707,1,B07,GTseq_i7_i01,CGTGAT,AGTAGG,AGTAGG,POPMix,
708,1,C07,GTseq_i7_i01,CGTGAT,CCATTT,CCATTT,POPMix,
709,1,D07,GTseq_i7_i01,CGTGAT,CTACAG,CTACAG,POPMix,
710,1,E07,GTseq_i7_i01,CGTGAT,GCAGAT,GCAGAT,POPMix,
711,1,F07,GTseq_i7_i01,CGTGAT,GTAAGT,GTAAGT,POPMix,
712,1,G07,GTseq_i7_i01,CGTGAT,TCAAAG,TCAAAG,POPMix,
713,1,H07,GTseq_i7_i01,CGTGAT,TTATGA,TTATGA,POPMix,
714,1,A08,GTseq_i7_i01,CGTGAT,ACAAGA,ACAAGA,POPMix,
715,1,B08,GTseq_i7_i01,CGTGAT,AGTTAA,AGTTAA,POPMix,
716,1,C08,GTseq_i7_i01,CGTGAT,CCCGGT,CCCGGT,POPMix,
717,1,D08,GTseq_i7_i01,CGTGAT,CTCGCC,CTCGCC,POPMix,
718,1,E08,GTseq_i7_i01,CGTGAT,GCATGG,GCATGG,POPMix,
719,1,F08,GTseq_i7_i01,CGTGAT,GTATCC,GTATCC,POPMix,
720,1,G08,GTseq_i7_i01,CGTGAT,TCCTGC,TCCTGC,POPMix,
721,1,H08,GTseq_i7_i01,CGTGAT,TTCCGT,TTCCGT,POPMix,
722,1,A09,GTseq_i7_i01,CGTGAT,ACAGCG,ACAGCG,POPMix,
723,1,B09,GTseq_i7_i01,CGTGAT,ATAGTA,ATAGTA,POPMix,
724,1,C09,GTseq_i7_i01,CGTGAT,CCCTAA,CCCTAA,POPMix,
725,1,D09,GTseq_i7_i01,CGTGAT,CTGCGA,CTGCGA,POPMix,
726,1,E09,GTseq_i7_i01,CGTGAT,GCCGTA,GCCGTA,POPMix,
727,1,F09,GTseq_i7_i01,CGTGAT,GTCATC,GTCATC,POPMix,
728,1,G09,GTseq_i7_i01,CGTGAT,TCGATT,TCGATT,POPMix,
729,1,H09,GTseq_i7_i01,CGTGAT,TTCTAG,TTCTAG,POPMix,
795,2,A10,GTseq_i7_i01,CGTGAT,ACATAC,ACATAC,POPMix,
796,2,B10,GTseq_i7_i01,CGTGAT,ATCAAA,ATCAAA,POPMix,
797,2,C10,GTseq_i7_i01,CGTGAT,CCGAGG,CCGAGG,POPMix,
798,2,D10,GTseq_i7_i01,CGTGAT,CTGGTT,CTGGTT,POPMix,
799,2,E10,GTseq_i7_i01,CGTGAT,GCGACC,GCGACC,POPMix,
800,2,F10,GTseq_i7_i01,CGTGAT,GTGCCT,GTGCCT,POPMix,
801,2,G10,GTseq_i7_i01,CGTGAT,TCGCCA,TCGCCA,POPMix,
802,2,H10,GTseq_i7_i01,CGTGAT,TTGAGC,TTGAGC,POPMix,
803,2,A11,GTseq_i7_i01,CGTGAT,ACCATG,ACCATG,POPMix,
804,2,B11,GTseq_i7_i01,CGTGAT,ATGCAC,ATGCAC,POPMix,
805,2,C11,GTseq_i7_i01,CGTGAT,CCGCAT,CCGCAT,POPMix,
806,2,D11,GTseq_i7_i01,CGTGAT,CTTATG,CTTATG,POPMix,
807,2,E11,GTseq_i7_i01,CGTGAT,GCGCTG,GCGCTG,POPMix,
808,2,F11,GTseq_i7_i01,CGTGAT,GTGTAA,GTGTAA,POPMix,
809,2,G11,GTseq_i7_i01,CGTGAT,TCGGAC,TCGGAC,POPMix,
810,2,H11,GTseq_i7_i01,CGTGAT,TTTAAT,TTTAAT,POPMix,
811,2,A12,GTseq_i7_i01,CGTGAT,ACCCCC,ACCCCC,POPMix,
812,2,B12,GTseq_i7_i01,CGTGAT,ATGTTG,ATGTTG,POPMix,
813,2,C12,GTseq_i7_i01,CGTGAT,CCTAAC,CCTAAC,POPMix,
814,2,D12,GTseq_i7_i01,CGTGAT,CTTTGC,CTTTGC,POPMix,
815,2,E12,GTseq_i7_i01,CGTGAT,GCTCAA,GCTCAA,POPMix,
816,2,F12,GTseq_i7_i01,CGTGAT,GTTGGA,GTTGGA,POPMix,
817,2,G12,GTseq_i7_i01,CGTGAT,TCTCGG,TCTCGG,POPMix,
POPMix01_NTC,POPMix01,H12,GTseq_i7_i01,CGTGAT,TTTGTC,TTTGTC,POPMix,
818,2,A01,GTseq_i7_i02,ACATCG,AAACGG,AAACGG,POPMix,
12269,DNA0035,B01,GTseq_i7_i02,ACATCG,ACTCTT,ACTCTT,POPMix,
12270,DNA0035,C01,GTseq_i7_i02,ACATCG,ATTCCG,ATTCCG,POPMix,
12271,DNA0035,D01,GTseq_i7_i02,ACATCG,CGAGGC,CGAGGC,POPMix,
12272,DNA0035,E01,GTseq_i7_i02,ACATCG,GAAATG,GAAATG,POPMix,
12273,DNA0035,F01,GTseq_i7_i02,ACATCG,GGACTT,GGACTT,POPMix,
12274,DNA0035,G01,GTseq_i7_i02,ACATCG,TAAGCT,TAAGCT,POPMix,
12275,DNA0035,H01,GTseq_i7_i02,ACATCG,TCTTCT,TCTTCT,POPMix,
12276,DNA0035,A02,GTseq_i7_i02,ACATCG,AACGTT,AACGTT,POPMix,
12277,DNA0035,B02,GTseq_i7_i02,ACATCG,ACTGGC,ACTGGC,POPMix,
12278,DNA0035,C02,GTseq_i7_i02,ACATCG,CAAAAA,CAAAAA,POPMix,
12279,DNA0035,D02,GTseq_i7_i02,ACATCG,CGCAGA,CGCAGA,POPMix,
12280,DNA0035,E02,GTseq_i7_i02,ACATCG,GAACCA,GAACCA,POPMix,
12281,DNA0035,F02,GTseq_i7_i02,ACATCG,GGCAAG,GGCAAG,POPMix,
12282,DNA0035,G02,GTseq_i7_i02,ACATCG,TAATTC,TAATTC,POPMix,
12283,DNA0035,H02,GTseq_i7_i02,ACATCG,TGAACC,TGAACC,POPMix,
12286,DNA0035,A03,GTseq_i7_i02,ACATCG,AACTGA,AACTGA,POPMix,
12287,DNA0035,B03,GTseq_i7_i02,ACATCG,AGCCAT,AGCCAT,POPMix,
12288,DNA0035,C03,GTseq_i7_i02,ACATCG,CAATCG,CAATCG,POPMix,
12289,DNA0035,D03,GTseq_i7_i02,ACATCG,CGCGTG,CGCGTG,POPMix,
12290,DNA0035,E03,GTseq_i7_i02,ACATCG,GACGAC,GACGAC,POPMix,
12292,DNA0035,F03,GTseq_i7_i02,ACATCG,GGGCGC,GGGCGC,POPMix,
12293,DNA0035,G03,GTseq_i7_i02,ACATCG,TACACA,TACACA,POPMix,
12294,DNA0035,H03,GTseq_i7_i02,ACATCG,TGACAA,TGACAA,POPMix,
12295,DNA0035,A04,GTseq_i7_i02,ACATCG,AAGACG,AAGACG,POPMix,
12296,DNA0035,B04,GTseq_i7_i02,ACATCG,AGCGCA,AGCGCA,POPMix,
12297,DNA0035,C04,GTseq_i7_i02,ACATCG,CACCTC,CACCTC,POPMix,
12298,DNA0035,D04,GTseq_i7_i02,ACATCG,CGGTCC,CGGTCC,POPMix,
12302,DNA0035,E04,GTseq_i7_i02,ACATCG,GACTCT,GACTCT,POPMix,
12303,DNA0035,F04,GTseq_i7_i02,ACATCG,GGGGCG,GGGGCG,POPMix,
12304,DNA0035,G04,GTseq_i7_i02,ACATCG,TACGGG,TACGGG,POPMix,
12305,DNA0035,H04,GTseq_i7_i02,ACATCG,TGCCCG,TGCCCG,POPMix,
12306,DNA0035,A05,GTseq_i7_i02,ACATCG,AAGCTA,AAGCTA,POPMix,
12307,DNA0035,B05,GTseq_i7_i02,ACATCG,AGGGTC,AGGGTC,POPMix,
12308,DNA0035,C05,GTseq_i7_i02,ACATCG,CAGGCA,CAGGCA,POPMix,
12309,DNA0035,D05,GTseq_i7_i02,ACATCG,CGTCTA,CGTCTA,POPMix,
12310,DNA0035,E05,GTseq_i7_i02,ACATCG,GAGAGA,GAGAGA,POPMix,
12311,DNA0035,F05,GTseq_i7_i02,ACATCG,GGTACA,GGTACA,POPMix,
12312,DNA0035,G05,GTseq_i7_i02,ACATCG,TAGTAT,TAGTAT,POPMix,
12313,DNA0035,H05,GTseq_i7_i02,ACATCG,TGCTTA,TGCTTA,POPMix,
12314,DNA0035,A06,GTseq_i7_i02,ACATCG,AATATC,AATATC,POPMix,
12315,DNA0035,B06,GTseq_i7_i02,ACATCG,AGGTGT,AGGTGT,POPMix,
4373,ADFG_Rockfish_01_DarkDusky,C06,GTseq_i7_i02,ACATCG,CATACT,CATACT,POPMix,
4375,ADFG_Rockfish_01_DarkDusky,D06,GTseq_i7_i02,ACATCG,CGTGAT,CGTGAT,POPMix,
4376,ADFG_Rockfish_01_DarkDusky,E06,GTseq_i7_i02,ACATCG,GATCGT,GATCGT,POPMix,
4377,ADFG_Rockfish_01_DarkDusky,F06,GTseq_i7_i02,ACATCG,GGTTTG,GGTTTG,POPMix,
4378,ADFG_Rockfish_01_DarkDusky,G06,GTseq_i7_i02,ACATCG,TATCAC,TATCAC,POPMix,
4380,ADFG_Rockfish_01_DarkDusky,H06,GTseq_i7_i02,ACATCG,TGGGGA,TGGGGA,POPMix,
4382,ADFG_Rockfish_01_DarkDusky,A07,GTseq_i7_i02,ACATCG,AATGAG,AATGAG,POPMix,
4383,ADFG_Rockfish_01_DarkDusky,B07,GTseq_i7_i02,ACATCG,AGTAGG,AGTAGG,POPMix,
4384,ADFG_Rockfish_01_DarkDusky,C07,GTseq_i7_i02,ACATCG,CCATTT,CCATTT,POPMix,
4386,ADFG_Rockfish_01_DarkDusky,D07,GTseq_i7_i02,ACATCG,CTACAG,CTACAG,POPMix,
4388,ADFG_Rockfish_01_DarkDusky,E07,GTseq_i7_i02,ACATCG,GCAGAT,GCAGAT,POPMix,
4449,ADFG_Rockfish_01_DarkDusky,F07,GTseq_i7_i02,ACATCG,GTAAGT,GTAAGT,POPMix,
4450,ADFG_Rockfish_01_DarkDusky,G07,GTseq_i7_i02,ACATCG,TCAAAG,TCAAAG,POPMix,
4451,ADFG_Rockfish_01_DarkDusky,H07,GTseq_i7_i02,ACATCG,TTATGA,TTATGA,POPMix,
4452,ADFG_Rockfish_01_DarkDusky,A08,GTseq_i7_i02,ACATCG,ACAAGA,ACAAGA,POPMix,
4453,ADFG_Rockfish_01_DarkDusky,B08,GTseq_i7_i02,ACATCG,AGTTAA,AGTTAA,POPMix,
4454,ADFG_Rockfish_01_DarkDusky,C08,GTseq_i7_i02,ACATCG,CCCGGT,CCCGGT,POPMix,
4455,ADFG_Rockfish_01_DarkDusky,D08,GTseq_i7_i02,ACATCG,CTCGCC,CTCGCC,POPMix,
4456,ADFG_Rockfish_01_DarkDusky,E08,GTseq_i7_i02,ACATCG,GCATGG,GCATGG,POPMix,
4457,ADFG_Rockfish_01_DarkDusky,F08,GTseq_i7_i02,ACATCG,GTATCC,GTATCC,POPMix,
4458,ADFG_Rockfish_01_DarkDusky,G08,GTseq_i7_i02,ACATCG,TCCTGC,TCCTGC,POPMix,
4459,ADFG_Rockfish_01_DarkDusky,H08,GTseq_i7_i02,ACATCG,TTCCGT,TTCCGT,POPMix,
4460,ADFG_Rockfish_01_DarkDusky,A09,GTseq_i7_i02,ACATCG,ACAGCG,ACAGCG,POPMix,
4461,ADFG_Rockfish_01_DarkDusky,B09,GTseq_i7_i02,ACATCG,ATAGTA,ATAGTA,POPMix,
4462,ADFG_Rockfish_01_DarkDusky,C09,GTseq_i7_i02,ACATCG,CCCTAA,CCCTAA,POPMix,
4463,ADFG_Rockfish_01_DarkDusky,D09,GTseq_i7_i02,ACATCG,CTGCGA,CTGCGA,POPMix,
4464,ADFG_Rockfish_01_DarkDusky,E09,GTseq_i7_i02,ACATCG,GCCGTA,GCCGTA,POPMix,
4465,ADFG_Rockfish_01_DarkDusky,F09,GTseq_i7_i02,ACATCG,GTCATC,GTCATC,POPMix,
4466,ADFG_Rockfish_01_DarkDusky,G09,GTseq_i7_i02,ACATCG,TCGATT,TCGATT,POPMix,
4467,ADFG_Rockfish_01_DarkDusky,H09,GTseq_i7_i02,ACATCG,TTCTAG,TTCTAG,POPMix,
4541,ADFG_Rockfish_02_DarkDusky,A10,GTseq_i7_i02,ACATCG,ACATAC,ACATAC,POPMix,
4542,ADFG_Rockfish_02_DarkDusky,B10,GTseq_i7_i02,ACATCG,ATCAAA,ATCAAA,POPMix,
4543,ADFG_Rockfish_02_DarkDusky,C10,GTseq_i7_i02,ACATCG,CCGAGG,CCGAGG,POPMix,
4544,ADFG_Rockfish_02_DarkDusky,D10,GTseq_i7_i02,ACATCG,CTGGTT,CTGGTT,POPMix,
4547,ADFG_Rockfish_02_DarkDusky,E10,GTseq_i7_i02,ACATCG,GCGACC,GCGACC,POPMix,
4554,ADFG_Rockfish_02_DarkDusky,F10,GTseq_i7_i02,ACATCG,GTGCCT,GTGCCT,POPMix,
4517,ADFG_Rockfish_02_DarkDusky,G10,GTseq_i7_i02,ACATCG,TCGCCA,TCGCCA,POPMix,
4518,ADFG_Rockfish_02_DarkDusky,H10,GTseq_i7_i02,ACATCG,TTGAGC,TTGAGC,POPMix,
4519,ADFG_Rockfish_02_DarkDusky,A11,GTseq_i7_i02,ACATCG,ACCATG,ACCATG,POPMix,
4520,ADFG_Rockfish_02_DarkDusky,B11,GTseq_i7_i02,ACATCG,ATGCAC,ATGCAC,POPMix,
4521,ADFG_Rockfish_02_DarkDusky,C11,GTseq_i7_i02,ACATCG,CCGCAT,CCGCAT,POPMix,
4524,ADFG_Rockfish_02_DarkDusky,D11,GTseq_i7_i02,ACATCG,CTTATG,CTTATG,POPMix,
4529,ADFG_Rockfish_02_DarkDusky,E11,GTseq_i7_i02,ACATCG,GCGCTG,GCGCTG,POPMix,
4531,ADFG_Rockfish_02_DarkDusky,F11,GTseq_i7_i02,ACATCG,GTGTAA,GTGTAA,POPMix,
4532,ADFG_Rockfish_02_DarkDusky,G11,GTseq_i7_i02,ACATCG,TCGGAC,TCGGAC,POPMix,
4534,ADFG_Rockfish_02_DarkDusky,H11,GTseq_i7_i02,ACATCG,TTTAAT,TTTAAT,POPMix,
4535,ADFG_Rockfish_02_DarkDusky,A12,GTseq_i7_i02,ACATCG,ACCCCC,ACCCCC,POPMix,
4536,ADFG_Rockfish_02_DarkDusky,B12,GTseq_i7_i02,ACATCG,ATGTTG,ATGTTG,POPMix,
4469,ADFG_Rockfish_02_DarkDusky,C12,GTseq_i7_i02,ACATCG,CCTAAC,CCTAAC,POPMix,
4470,ADFG_Rockfish_02_DarkDusky,D12,GTseq_i7_i02,ACATCG,CTTTGC,CTTTGC,POPMix,
4471,ADFG_Rockfish_02_DarkDusky,E12,GTseq_i7_i02,ACATCG,GCTCAA,GCTCAA,POPMix,
4472,ADFG_Rockfish_02_DarkDusky,F12,GTseq_i7_i02,ACATCG,GTTGGA,GTTGGA,POPMix,
4473,ADFG_Rockfish_02_DarkDusky,G12,GTseq_i7_i02,ACATCG,TCTCGG,TCTCGG,POPMix,
POPMix02_NTC,POPMix02,H12,GTseq_i7_i02,ACATCG,TTTGTC,TTTGTC,POPMix,
ABLG670,POP,A01,GTseq_i7_i03,GCCTAA,AAACGG,AAACGG,POP,
ABLG671,POP,B01,GTseq_i7_i03,GCCTAA,ACTCTT,ACTCTT,POP,
ABLG672,POP,C01,GTseq_i7_i03,GCCTAA,ATTCCG,ATTCCG,POP,
ABLG673,POP,D01,GTseq_i7_i03,GCCTAA,CGAGGC,CGAGGC,POP,
ABLG674,POP,E01,GTseq_i7_i03,GCCTAA,GAAATG,GAAATG,POP,
ABLG675,POP,F01,GTseq_i7_i03,GCCTAA,GGACTT,GGACTT,POP,
ABLG676,POP,G01,GTseq_i7_i03,GCCTAA,TAAGCT,TAAGCT,POP,
ABLG677,POP,H01,GTseq_i7_i03,GCCTAA,TCTTCT,TCTTCT,POP,
ABLG678,POP,A02,GTseq_i7_i03,GCCTAA,AACGTT,AACGTT,POP,
ABLG679,POP,B02,GTseq_i7_i03,GCCTAA,ACTGGC,ACTGGC,POP,
ABLG680,POP,C02,GTseq_i7_i03,GCCTAA,CAAAAA,CAAAAA,POP,
ABLG681,POP,D02,GTseq_i7_i03,GCCTAA,CGCAGA,CGCAGA,POP,
ABLG682,POP,E02,GTseq_i7_i03,GCCTAA,GAACCA,GAACCA,POP,
ABLG683,POP,F02,GTseq_i7_i03,GCCTAA,GGCAAG,GGCAAG,POP,
ABLG684,POP,G02,GTseq_i7_i03,GCCTAA,TAATTC,TAATTC,POP,
ABLG685,POP,H02,GTseq_i7_i03,GCCTAA,TGAACC,TGAACC,POP,
ABLG686,POP,A03,GTseq_i7_i03,GCCTAA,AACTGA,AACTGA,POP,
ABLG687,POP,B03,GTseq_i7_i03,GCCTAA,AGCCAT,AGCCAT,POP,
ABLG688,POP,C03,GTseq_i7_i03,GCCTAA,CAATCG,CAATCG,POP,
ABLG689,POP,D03,GTseq_i7_i03,GCCTAA,CGCGTG,CGCGTG,POP,
ABLG690,POP,E03,GTseq_i7_i03,GCCTAA,GACGAC,GACGAC,POP,
ABLG691,POP,F03,GTseq_i7_i03,GCCTAA,GGGCGC,GGGCGC,POP,
ABLG692,POP,G03,GTseq_i7_i03,GCCTAA,TACACA,TACACA,POP,
ABLG693,POP,H03,GTseq_i7_i03,GCCTAA,TGACAA,TGACAA,POP,
ABLG694,POP,A04,GTseq_i7_i03,GCCTAA,AAGACG,AAGACG,POP,
ABLG695,POP,B04,GTseq_i7_i03,GCCTAA,AGCGCA,AGCGCA,POP,
ABLG696,POP,C04,GTseq_i7_i03,GCCTAA,CACCTC,CACCTC,POP,
ABLG697,POP,D04,GTseq_i7_i03,GCCTAA,CGGTCC,CGGTCC,POP,
ABLG698,POP,E04,GTseq_i7_i03,GCCTAA,GACTCT,GACTCT,POP,
ABLG699,POP,F04,GTseq_i7_i03,GCCTAA,GGGGCG,GGGGCG,POP,
ABLG700,POP,G04,GTseq_i7_i03,GCCTAA,TACGGG,TACGGG,POP,
ABLG701,POP,H04,GTseq_i7_i03,GCCTAA,TGCCCG,TGCCCG,POP,
ABLG702,POP,A05,GTseq_i7_i03,GCCTAA,AAGCTA,AAGCTA,POP,
ABLG703,POP,B05,GTseq_i7_i03,GCCTAA,AGGGTC,AGGGTC,POP,
ABLG704,POP,C05,GTseq_i7_i03,GCCTAA,CAGGCA,CAGGCA,POP,
ABLG705,POP,D05,GTseq_i7_i03,GCCTAA,CGTCTA,CGTCTA,POP,
ABLG706,POP,E05,GTseq_i7_i03,GCCTAA,GAGAGA,GAGAGA,POP,
ABLG707,POP,F05,GTseq_i7_i03,GCCTAA,GGTACA,GGTACA,POP,
ABLG708,POP,G05,GTseq_i7_i03,GCCTAA,TAGTAT,TAGTAT,POP,
ABLG709,POP,H05,GTseq_i7_i03,GCCTAA,TGCTTA,TGCTTA,POP,
ABLG710,POP,A06,GTseq_i7_i03,GCCTAA,AATATC,AATATC,POP,
ABLG711,POP,B06,GTseq_i7_i03,GCCTAA,AGGTGT,AGGTGT,POP,
ABLG712,POP,C06,GTseq_i7_i03,GCCTAA,CATACT,CATACT,POP,
ABLG713,POP,D06,GTseq_i7_i03,GCCTAA,CGTGAT,CGTGAT,POP,
ABLG714,POP,E06,GTseq_i7_i03,GCCTAA,GATCGT,GATCGT,POP,
ABLG715,POP,F06,GTseq_i7_i03,GCCTAA,GGTTTG,GGTTTG,POP,
ABLG716,POP,G06,GTseq_i7_i03,GCCTAA,TATCAC,TATCAC,POP,
ABLG717,POP,H06,GTseq_i7_i03,GCCTAA,TGGGGA,TGGGGA,POP,
ABLG718,POP,A07,GTseq_i7_i03,GCCTAA,AATGAG,AATGAG,POP,
ABLG719,POP,B07,GTseq_i7_i03,GCCTAA,AGTAGG,AGTAGG,POP,
ABLG720,POP,C07,GTseq_i7_i03,GCCTAA,CCATTT,CCATTT,POP,
ABLG721,POP,D07,GTseq_i7_i03,GCCTAA,CTACAG,CTACAG,POP,
ABLG722,POP,E07,GTseq_i7_i03,GCCTAA,GCAGAT,GCAGAT,POP,
ABLG723,POP,F07,GTseq_i7_i03,GCCTAA,GTAAGT,GTAAGT,POP,
ABLG724,POP,G07,GTseq_i7_i03,GCCTAA,TCAAAG,TCAAAG,POP,
ABLG725,POP,H07,GTseq_i7_i03,GCCTAA,TTATGA,TTATGA,POP,
ABLG726,POP,A08,GTseq_i7_i03,GCCTAA,ACAAGA,ACAAGA,POP,
ABLG727,POP,B08,GTseq_i7_i03,GCCTAA,AGTTAA,AGTTAA,POP,
ABLG728,POP,C08,GTseq_i7_i03,GCCTAA,CCCGGT,CCCGGT,POP,
ABLG729,POP,D08,GTseq_i7_i03,GCCTAA,CTCGCC,CTCGCC,POP,
ABLG730,POP,E08,GTseq_i7_i03,GCCTAA,GCATGG,GCATGG,POP,
ABLG731,POP,F08,GTseq_i7_i03,GCCTAA,GTATCC,GTATCC,POP,
ABLG732,POP,G08,GTseq_i7_i03,GCCTAA,TCCTGC,TCCTGC,POP,
ABLG733,POP,H08,GTseq_i7_i03,GCCTAA,TTCCGT,TTCCGT,POP,
ABLG734,POP,A09,GTseq_i7_i03,GCCTAA,ACAGCG,ACAGCG,POP,
ABLG735,POP,B09,GTseq_i7_i03,GCCTAA,ATAGTA,ATAGTA,POP,
ABLG736,POP,C09,GTseq_i7_i03,GCCTAA,CCCTAA,CCCTAA,POP,
ABLG737,POP,D09,GTseq_i7_i03,GCCTAA,CTGCGA,CTGCGA,POP,
ABLG738,POP,E09,GTseq_i7_i03,GCCTAA,GCCGTA,GCCGTA,POP,
ABLG739,POP,F09,GTseq_i7_i03,GCCTAA,GTCATC,GTCATC,POP,
ABLG740,POP,G09,GTseq_i7_i03,GCCTAA,TCGATT,TCGATT,POP,
ABLG741,POP,H09,GTseq_i7_i03,GCCTAA,TTCTAG,TTCTAG,POP,
ABLG742,POP,A10,GTseq_i7_i03,GCCTAA,ACATAC,ACATAC,POP,
ABLG743,POP,B10,GTseq_i7_i03,GCCTAA,ATCAAA,ATCAAA,POP,
ABLG744,POP,C10,GTseq_i7_i03,GCCTAA,CCGAGG,CCGAGG,POP,
ABLG745,POP,D10,GTseq_i7_i03,GCCTAA,CTGGTT,CTGGTT,POP,
ABLG746,POP,E10,GTseq_i7_i03,GCCTAA,GCGACC,GCGACC,POP,
ABLG747,POP,F10,GTseq_i7_i03,GCCTAA,GTGCCT,GTGCCT,POP,
ABLG748,POP,G10,GTseq_i7_i03,GCCTAA,TCGCCA,TCGCCA,POP,
ABLG749,POP,H10,GTseq_i7_i03,GCCTAA,TTGAGC,TTGAGC,POP,
ABLG750,POP,A11,GTseq_i7_i03,GCCTAA,ACCATG,ACCATG,POP,
ABLG751,POP,B11,GTseq_i7_i03,GCCTAA,ATGCAC,ATGCAC,POP,
ABLG752,POP,C11,GTseq_i7_i03,GCCTAA,CCGCAT,CCGCAT,POP,
ABLG753,POP,D11,GTseq_i7_i03,GCCTAA,CTTATG,CTTATG,POP,
ABLG754,POP,E11,GTseq_i7_i03,GCCTAA,GCGCTG,GCGCTG,POP,
ABLG755,POP,F11,GTseq_i7_i03,GCCTAA,GTGTAA,GTGTAA,POP,
ABLG756,POP,G11,GTseq_i7_i03,GCCTAA,TCGGAC,TCGGAC,POP,
ABLG757,POP,H11,GTseq_i7_i03,GCCTAA,TTTAAT,TTTAAT,POP,
ABLG758,POP,A12,GTseq_i7_i03,GCCTAA,ACCCCC,ACCCCC,POP,
ABLG759,POP,B12,GTseq_i7_i03,GCCTAA,ATGTTG,ATGTTG,POP,
ABLG760,POP,C12,GTseq_i7_i03,GCCTAA,CCTAAC,CCTAAC,POP,
ABLG761,POP,D12,GTseq_i7_i03,GCCTAA,CTTTGC,CTTTGC,POP,
ABLG762,POP,E12,GTseq_i7_i03,GCCTAA,GCTCAA,GCTCAA,POP,
ABLG763,POP,F12,GTseq_i7_i03,GCCTAA,GTTGGA,GTTGGA,POP,
ABLG764,POP,G12,GTseq_i7_i03,GCCTAA,TCTCGG,TCTCGG,POP,
POP_NTC,POP,H12,GTseq_i7_i03,GCCTAA,TTTGTC,TTTGTC,POP,
BFAL12-0397,BFALPlate2,A01,GTseq_i7_i04,TGGTCA,AAACGG,AAACGG,BFALPlate2,
BFAL11-0293,BFALPlate2,B01,GTseq_i7_i04,TGGTCA,ACTCTT,ACTCTT,BFALPlate2,
BFAL11-0328,BFALPlate2,C01,GTseq_i7_i04,TGGTCA,ATTCCG,ATTCCG,BFALPlate2,
BFAL11-0334,BFALPlate2,D01,GTseq_i7_i04,TGGTCA,CGAGGC,CGAGGC,BFALPlate2,
BFAL11-0335,BFALPlate2,E01,GTseq_i7_i04,TGGTCA,GAAATG,GAAATG,BFALPlate2,
BFAL11-0621,BFALPlate2,F01,GTseq_i7_i04,TGGTCA,GGACTT,GGACTT,BFALPlate2,
BFAL11-0388,BFALPlate2,G01,GTseq_i7_i04,TGGTCA,TAAGCT,TAAGCT,BFALPlate2,
BFAL11-0626,BFALPlate2,H01,GTseq_i7_i04,TGGTCA,TCTTCT,TCTTCT,BFALPlate2,
BFAL11-0628,BFALPlate2,A02,GTseq_i7_i04,TGGTCA,AACGTT,AACGTT,BFALPlate2,
BFAL11-0874,BFALPlate2,B02,GTseq_i7_i04,TGGTCA,ACTGGC,ACTGGC,BFALPlate2,
BFAL12-0250,BFALPlate2,C02,GTseq_i7_i04,TGGTCA,CAAAAA,CAAAAA,BFALPlate2,
BFAL13-0538,BFALPlate2,D02,GTseq_i7_i04,TGGTCA,CGCAGA,CGCAGA,BFALPlate2,
BFAL13-0540,BFALPlate2,E02,GTseq_i7_i04,TGGTCA,GAACCA,GAACCA,BFALPlate2,
BFAL13-0994,BFALPlate2,F02,GTseq_i7_i04,TGGTCA,GGCAAG,GGCAAG,BFALPlate2,
BFAL13-0996,BFALPlate2,G02,GTseq_i7_i04,TGGTCA,TAATTC,TAATTC,BFALPlate2,
BFAL13-1103,BFALPlate2,H02,GTseq_i7_i04,TGGTCA,TGAACC,TGAACC,BFALPlate2,
BFAL13-1106,BFALPlate2,A03,GTseq_i7_i04,TGGTCA,AACTGA,AACTGA,BFALPlate2,
BFAL13-1186,BFALPlate2,B03,GTseq_i7_i04,TGGTCA,AGCCAT,AGCCAT,BFALPlate2,
BFAL10-0485,BFALPlate2,C03,GTseq_i7_i04,TGGTCA,CAATCG,CAATCG,BFALPlate2,
BFAL10-0486,BFALPlate2,D03,GTseq_i7_i04,TGGTCA,CGCGTG,CGCGTG,BFALPlate2,
BFAL10-0487,BFALPlate2,E03,GTseq_i7_i04,TGGTCA,GACGAC,GACGAC,BFALPlate2,
BFAL10-0495,BFALPlate2,F03,GTseq_i7_i04,TGGTCA,GGGCGC,GGGCGC,BFALPlate2,
BFAL10-0496,BFALPlate2,G03,GTseq_i7_i04,TGGTCA,TACACA,TACACA,BFALPlate2,
BFAL10-0497,BFALPlate2,H03,GTseq_i7_i04,TGGTCA,TGACAA,TGACAA,BFALPlate2,
BFAL10-0584,BFALPlate2,A04,GTseq_i7_i04,TGGTCA,AAGACG,AAGACG,BFALPlate2,
BFAL10-0585,BFALPlate2,B04,GTseq_i7_i04,TGGTCA,AGCGCA,AGCGCA,BFALPlate2,
BFAL10-0627,BFALPlate2,C04,GTseq_i7_i04,TGGTCA,CACCTC,CACCTC,BFALPlate2,
BFAL10-0628,BFALPlate2,D04,GTseq_i7_i04,TGGTCA,CGGTCC,CGGTCC,BFALPlate2,
BFAL10-0647,BFALPlate2,E04,GTseq_i7_i04,TGGTCA,GACTCT,GACTCT,BFALPlate2,
BFAL10-0661,BFALPlate2,F04,GTseq_i7_i04,TGGTCA,GGGGCG,GGGGCG,BFALPlate2,
BFAL10-0660,BFALPlate2,G04,GTseq_i7_i04,TGGTCA,TACGGG,TACGGG,BFALPlate2,
BFAL10-0669,BFALPlate2,H04,GTseq_i7_i04,TGGTCA,TGCCCG,TGCCCG,BFALPlate2,
BFAL10-0670,BFALPlate2,A05,GTseq_i7_i04,TGGTCA,AAGCTA,AAGCTA,BFALPlate2,
BFAL10-0678,BFALPlate2,B05,GTseq_i7_i04,TGGTCA,AGGGTC,AGGGTC,BFALPlate2,
BFAL10-0739,BFALPlate2,C05,GTseq_i7_i04,TGGTCA,CAGGCA,CAGGCA,BFALPlate2,
BFAL10-0759,BFALPlate2,D05,GTseq_i7_i04,TGGTCA,CGTCTA,CGTCTA,BFALPlate2,
BFAL10-0760,BFALPlate2,E05,GTseq_i7_i04,TGGTCA,GAGAGA,GAGAGA,BFALPlate2,
BFAL10-0788,BFALPlate2,F05,GTseq_i7_i04,TGGTCA,GGTACA,GGTACA,BFALPlate2,
BFAL10-0791,BFALPlate2,G05,GTseq_i7_i04,TGGTCA,TAGTAT,TAGTAT,BFALPlate2,
BFAL10-0792,BFALPlate2,H05,GTseq_i7_i04,TGGTCA,TGCTTA,TGCTTA,BFALPlate2,
BFAL10-0793,BFALPlate2,A06,GTseq_i7_i04,TGGTCA,AATATC,AATATC,BFALPlate2,
BFAL11-0343,BFALPlate2,B06,GTseq_i7_i04,TGGTCA,AGGTGT,AGGTGT,BFALPlate2,
BFAL11-0383,BFALPlate2,C06,GTseq_i7_i04,TGGTCA,CATACT,CATACT,BFALPlate2,
BFAL11-0389,BFALPlate2,D06,GTseq_i7_i04,TGGTCA,CGTGAT,CGTGAT,BFALPlate2,
BFALPlate2_NTC,BFALPlate2,E06,GTseq_i7_i04,TGGTCA,GATCGT,GATCGT,BFALPlate2,
BFAL11-0387,BFALPlate2,F06,GTseq_i7_i04,TGGTCA,GGTTTG,GGTTTG,BFALPlate2,
BFAL17-0569,BFALPlate2,G06,GTseq_i7_i04,TGGTCA,TATCAC,TATCAC,BFALPlate2,
BFAL17-0570,BFALPlate2,H06,GTseq_i7_i04,TGGTCA,TGGGGA,TGGGGA,BFALPlate2,
BFAL17-0571,BFALPlate2,A07,GTseq_i7_i04,TGGTCA,AATGAG,AATGAG,BFALPlate2,
BFAL17-0572,BFALPlate2,B07,GTseq_i7_i04,TGGTCA,AGTAGG,AGTAGG,BFALPlate2,
BFAL17-0573,BFALPlate2,C07,GTseq_i7_i04,TGGTCA,CCATTT,CCATTT,BFALPlate2,
BFAL17-0574,BFALPlate2,D07,GTseq_i7_i04,TGGTCA,CTACAG,CTACAG,BFALPlate2,
BFAL17-0575,BFALPlate2,E07,GTseq_i7_i04,TGGTCA,GCAGAT,GCAGAT,BFALPlate2,
BFAL17-0591,BFALPlate2,F07,GTseq_i7_i04,TGGTCA,GTAAGT,GTAAGT,BFALPlate2,
BFAL17-0592,BFALPlate2,G07,GTseq_i7_i04,TGGTCA,TCAAAG,TCAAAG,BFALPlate2,
BFAL17-0608,BFALPlate2,H07,GTseq_i7_i04,TGGTCA,TTATGA,TTATGA,BFALPlate2,
BFAL17-0609,BFALPlate2,A08,GTseq_i7_i04,TGGTCA,ACAAGA,ACAAGA,BFALPlate2,
BFAL18-0100,BFALPlate2,B08,GTseq_i7_i04,TGGTCA,AGTTAA,AGTTAA,BFALPlate2,
BFAL17-0320,BFALPlate2,C08,GTseq_i7_i04,TGGTCA,CCCGGT,CCCGGT,BFALPlate2,
BFAL17-0557,BFALPlate2,D08,GTseq_i7_i04,TGGTCA,CTCGCC,CTCGCC,BFALPlate2,
BFAL17-0558,BFALPlate2,E08,GTseq_i7_i04,TGGTCA,GCATGG,GCATGG,BFALPlate2,
BFAL17-0559,BFALPlate2,F08,GTseq_i7_i04,TGGTCA,GTATCC,GTATCC,BFALPlate2,
BFAL17-0560,BFALPlate2,G08,GTseq_i7_i04,TGGTCA,TCCTGC,TCCTGC,BFALPlate2,
BFAL17-0561,BFALPlate2,H08,GTseq_i7_i04,TGGTCA,TTCCGT,TTCCGT,BFALPlate2,
BFAL17-0562,BFALPlate2,A09,GTseq_i7_i04,TGGTCA,ACAGCG,ACAGCG,BFALPlate2,
BFAL17-0563,BFALPlate2,B09,GTseq_i7_i04,TGGTCA,ATAGTA,ATAGTA,BFALPlate2,
BFAL17-0564,BFALPlate2,C09,GTseq_i7_i04,TGGTCA,CCCTAA,CCCTAA,BFALPlate2,
BFAL17-0565,BFALPlate2,D09,GTseq_i7_i04,TGGTCA,CTGCGA,CTGCGA,BFALPlate2,
BFAL17-0566,BFALPlate2,E09,GTseq_i7_i04,TGGTCA,GCCGTA,GCCGTA,BFALPlate2,
BFAL17-0567,BFALPlate2,F09,GTseq_i7_i04,TGGTCA,GTCATC,GTCATC,BFALPlate2,
BFAL17-0568,BFALPlate2,G09,GTseq_i7_i04,TGGTCA,TCGATT,TCGATT,BFALPlate2,
BFAL17-0279,BFALPlate2,H09,GTseq_i7_i04,TGGTCA,TTCTAG,TTCTAG,BFALPlate2,
BFAL17-0282,BFALPlate2,A10,GTseq_i7_i04,TGGTCA,ACATAC,ACATAC,BFALPlate2,
BFAL17-0283,BFALPlate2,B10,GTseq_i7_i04,TGGTCA,ATCAAA,ATCAAA,BFALPlate2,
BFAL17-0285,BFALPlate2,C10,GTseq_i7_i04,TGGTCA,CCGAGG,CCGAGG,BFALPlate2,
BFAL17-0287,BFALPlate2,D10,GTseq_i7_i04,TGGTCA,CTGGTT,CTGGTT,BFALPlate2,
BFAL17-0289,BFALPlate2,E10,GTseq_i7_i04,TGGTCA,GCGACC,GCGACC,BFALPlate2,
BFAL17-0290,BFALPlate2,F10,GTseq_i7_i04,TGGTCA,GTGCCT,GTGCCT,BFALPlate2,
BFAL17-0291,BFALPlate2,G10,GTseq_i7_i04,TGGTCA,TCGCCA,TCGCCA,BFALPlate2,
BFAL17-0294,BFALPlate2,H10,GTseq_i7_i04,TGGTCA,TTGAGC,TTGAGC,BFALPlate2,
BFAL16-0604,BFALPlate2,A11,GTseq_i7_i04,TGGTCA,ACCATG,ACCATG,BFALPlate2,
BFAL16-0605,BFALPlate2,B11,GTseq_i7_i04,TGGTCA,ATGCAC,ATGCAC,BFALPlate2,
BFAL16-0608,BFALPlate2,C11,GTseq_i7_i04,TGGTCA,CCGCAT,CCGCAT,BFALPlate2,
BFAL16-0609,BFALPlate2,D11,GTseq_i7_i04,TGGTCA,CTTATG,CTTATG,BFALPlate2,
BFAL16-0611,BFALPlate2,E11,GTseq_i7_i04,TGGTCA,GCGCTG,GCGCTG,BFALPlate2,
BFAL17-0221,BFALPlate2,F11,GTseq_i7_i04,TGGTCA,GTGTAA,GTGTAA,BFALPlate2,
BFAL17-0222,BFALPlate2,G11,GTseq_i7_i04,TGGTCA,TCGGAC,TCGGAC,BFALPlate2,
BFAL17-0225,BFALPlate2,H11,GTseq_i7_i04,TGGTCA,TTTAAT,TTTAAT,BFALPlate2,
BFAL17-0237,BFALPlate2,A12,GTseq_i7_i04,TGGTCA,ACCCCC,ACCCCC,BFALPlate2,
BFAL17-0278,BFALPlate2,B12,GTseq_i7_i04,TGGTCA,ATGTTG,ATGTTG,BFALPlate2,
BFAL16-0370,BFALPlate2,C12,GTseq_i7_i04,TGGTCA,CCTAAC,CCTAAC,BFALPlate2,
BFAL16-0371,BFALPlate2,D12,GTseq_i7_i04,TGGTCA,CTTTGC,CTTTGC,BFALPlate2,
BFAL16-0398,BFALPlate2,E12,GTseq_i7_i04,TGGTCA,GCTCAA,GCTCAA,BFALPlate2,
BFAL16-0402,BFALPlate2,F12,GTseq_i7_i04,TGGTCA,GTTGGA,GTTGGA,BFALPlate2,
BFAL16-0403,BFALPlate2,G12,GTseq_i7_i04,TGGTCA,TCTCGG,TCTCGG,BFALPlate2,
BFAL16-0404,BFALPlate2,H12,GTseq_i7_i04,TGGTCA,TTTGTC,TTTGTC,BFALPlate2,
2239,2016200407,A01,GTseq_i7_i05,CACTGT,AAACGG,AAACGG,PCOD,
2240,2016200407,B01,GTseq_i7_i05,CACTGT,ACTCTT,ACTCTT,PCOD,
2241,2016200407,C01,GTseq_i7_i05,CACTGT,ATTCCG,ATTCCG,PCOD,
2242,2016200407,D01,GTseq_i7_i05,CACTGT,CGAGGC,CGAGGC,PCOD,
2243,2016200407,E01,GTseq_i7_i05,CACTGT,GAAATG,GAAATG,PCOD,
2244,2016200407,F01,GTseq_i7_i05,CACTGT,GGACTT,GGACTT,PCOD,
2245,2016200407,G01,GTseq_i7_i05,CACTGT,TAAGCT,TAAGCT,PCOD,
2246,2016200407,H01,GTseq_i7_i05,CACTGT,TCTTCT,TCTTCT,PCOD,
2247,2016200407,A02,GTseq_i7_i05,CACTGT,AACGTT,AACGTT,PCOD,
2248,2016200407,B02,GTseq_i7_i05,CACTGT,ACTGGC,ACTGGC,PCOD,
2249,2016200407,C02,GTseq_i7_i05,CACTGT,CAAAAA,CAAAAA,PCOD,
2250,2016200407,D02,GTseq_i7_i05,CACTGT,CGCAGA,CGCAGA,PCOD,
2251,2016200407,E02,GTseq_i7_i05,CACTGT,GAACCA,GAACCA,PCOD,
2252,2016200407,F02,GTseq_i7_i05,CACTGT,GGCAAG,GGCAAG,PCOD,
2253,2016200407,G02,GTseq_i7_i05,CACTGT,TAATTC,TAATTC,PCOD,
2254,2016200407,H02,GTseq_i7_i05,CACTGT,TGAACC,TGAACC,PCOD,
2255,2016200407,A03,GTseq_i7_i05,CACTGT,AACTGA,AACTGA,PCOD,
2256,2016200407,B03,GTseq_i7_i05,CACTGT,AGCCAT,AGCCAT,PCOD,
2257,2016200407,C03,GTseq_i7_i05,CACTGT,CAATCG,CAATCG,PCOD,
2258,2016200407,D03,GTseq_i7_i05,CACTGT,CGCGTG,CGCGTG,PCOD,
2259,2016200407,E03,GTseq_i7_i05,CACTGT,GACGAC,GACGAC,PCOD,
2260,2016200407,F03,GTseq_i7_i05,CACTGT,GGGCGC,GGGCGC,PCOD,
2261,2016200407,G03,GTseq_i7_i05,CACTGT,TACACA,TACACA,PCOD,
2262,2016200407,H03,GTseq_i7_i05,CACTGT,TGACAA,TGACAA,PCOD,
2263,2016200407,A04,GTseq_i7_i05,CACTGT,AAGACG,AAGACG,PCOD,
2264,2016200407,B04,GTseq_i7_i05,CACTGT,AGCGCA,AGCGCA,PCOD,
2265,2016200407,C04,GTseq_i7_i05,CACTGT,CACCTC,CACCTC,PCOD,
2266,2016200407,D04,GTseq_i7_i05,CACTGT,CGGTCC,CGGTCC,PCOD,
2267,2016200407,E04,GTseq_i7_i05,CACTGT,GACTCT,GACTCT,PCOD,
2268,2016200407,F04,GTseq_i7_i05,CACTGT,GGGGCG,GGGGCG,PCOD,
2269,2016200407,G04,GTseq_i7_i05,CACTGT,TACGGG,TACGGG,PCOD,
2270,2016200407,H04,GTseq_i7_i05,CACTGT,TGCCCG,TGCCCG,PCOD,
2271,2016200407,A05,GTseq_i7_i05,CACTGT,AAGCTA,AAGCTA,PCOD,
2272,2016200407,B05,GTseq_i7_i05,CACTGT,AGGGTC,AGGGTC,PCOD,
2273,2016200407,C05,GTseq_i7_i05,CACTGT,CAGGCA,CAGGCA,PCOD,
2274,2016200407,D05,GTseq_i7_i05,CACTGT,CGTCTA,CGTCTA,PCOD,
2275,2016200407,E05,GTseq_i7_i05,CACTGT,GAGAGA,GAGAGA,PCOD,
2276,2016200407,F05,GTseq_i7_i05,CACTGT,GGTACA,GGTACA,PCOD,
2277,2016200407,G05,GTseq_i7_i05,CACTGT,TAGTAT,TAGTAT,PCOD,
2278,2016200407,H05,GTseq_i7_i05,CACTGT,TGCTTA,TGCTTA,PCOD,
2279,2016200407,A06,GTseq_i7_i05,CACTGT,AATATC,AATATC,PCOD,
2280,2016200407,B06,GTseq_i7_i05,CACTGT,AGGTGT,AGGTGT,PCOD,
2281,2016200407,C06,GTseq_i7_i05,CACTGT,CATACT,CATACT,PCOD,
2282,2016200407,D06,GTseq_i7_i05,CACTGT,CGTGAT,CGTGAT,PCOD,
2283,2016200407,E06,GTseq_i7_i05,CACTGT,GATCGT,GATCGT,PCOD,
2284,2016200407,F06,GTseq_i7_i05,CACTGT,GGTTTG,GGTTTG,PCOD,
2285,2016200407,G06,GTseq_i7_i05,CACTGT,TATCAC,TATCAC,PCOD,
2286,2016200407,H06,GTseq_i7_i05,CACTGT,TGGGGA,TGGGGA,PCOD,
2287,2016200407,A07,GTseq_i7_i05,CACTGT,AATGAG,AATGAG,PCOD,
2288,2016200407,B07,GTseq_i7_i05,CACTGT,AGTAGG,AGTAGG,PCOD,
2289,2016200407,C07,GTseq_i7_i05,CACTGT,CCATTT,CCATTT,PCOD,
2290,2016200407,D07,GTseq_i7_i05,CACTGT,CTACAG,CTACAG,PCOD,
2291,2016200407,E07,GTseq_i7_i05,CACTGT,GCAGAT,GCAGAT,PCOD,
2292,2016200407,F07,GTseq_i7_i05,CACTGT,GTAAGT,GTAAGT,PCOD,
2293,2016200407,G07,GTseq_i7_i05,CACTGT,TCAAAG,TCAAAG,PCOD,
2294,2016200407,H07,GTseq_i7_i05,CACTGT,TTATGA,TTATGA,PCOD,
2295,2016200407,A08,GTseq_i7_i05,CACTGT,ACAAGA,ACAAGA,PCOD,
2296,2016200407,B08,GTseq_i7_i05,CACTGT,AGTTAA,AGTTAA,PCOD,
2297,2016200407,C08,GTseq_i7_i05,CACTGT,CCCGGT,CCCGGT,PCOD,
2298,2016200407,D08,GTseq_i7_i05,CACTGT,CTCGCC,CTCGCC,PCOD,
2299,2016200407,E08,GTseq_i7_i05,CACTGT,GCATGG,GCATGG,PCOD,
2300,2016200407,F08,GTseq_i7_i05,CACTGT,GTATCC,GTATCC,PCOD,
2301,2016200407,G08,GTseq_i7_i05,CACTGT,TCCTGC,TCCTGC,PCOD,
2302,2016200407,H08,GTseq_i7_i05,CACTGT,TTCCGT,TTCCGT,PCOD,
2303,2016200407,A09,GTseq_i7_i05,CACTGT,ACAGCG,ACAGCG,PCOD,
2304,2016200407,B09,GTseq_i7_i05,CACTGT,ATAGTA,ATAGTA,PCOD,
2305,2016200407,C09,GTseq_i7_i05,CACTGT,CCCTAA,CCCTAA,PCOD,
2306,2016200407,D09,GTseq_i7_i05,CACTGT,CTGCGA,CTGCGA,PCOD,
2307,2016200407,E09,GTseq_i7_i05,CACTGT,GCCGTA,GCCGTA,PCOD,
2308,2016200407,F09,GTseq_i7_i05,CACTGT,GTCATC,GTCATC,PCOD,
2309,2016200407,G09,GTseq_i7_i05,CACTGT,TCGATT,TCGATT,PCOD,
2310,2016200407,H09,GTseq_i7_i05,CACTGT,TTCTAG,TTCTAG,PCOD,
2311,2016200407,A10,GTseq_i7_i05,CACTGT,ACATAC,ACATAC,PCOD,
2312,2016200407,B10,GTseq_i7_i05,CACTGT,ATCAAA,ATCAAA,PCOD,
2313,2016200407,C10,GTseq_i7_i05,CACTGT,CCGAGG,CCGAGG,PCOD,
2314,2016200407,D10,GTseq_i7_i05,CACTGT,CTGGTT,CTGGTT,PCOD,
2315,2016200407,E10,GTseq_i7_i05,CACTGT,GCGACC,GCGACC,PCOD,
2316,2016200407,F10,GTseq_i7_i05,CACTGT,GTGCCT,GTGCCT,PCOD,
2317,2016200407,G10,GTseq_i7_i05,CACTGT,TCGCCA,TCGCCA,PCOD,
2318,2016200407,H10,GTseq_i7_i05,CACTGT,TTGAGC,TTGAGC,PCOD,
2319,2016200407,A11,GTseq_i7_i05,CACTGT,ACCATG,ACCATG,PCOD,
2320,2016200407,B11,GTseq_i7_i05,CACTGT,ATGCAC,ATGCAC,PCOD,
2321,2016200407,C11,GTseq_i7_i05,CACTGT,CCGCAT,CCGCAT,PCOD,
2322,2016200407,D11,GTseq_i7_i05,CACTGT,CTTATG,CTTATG,PCOD,
2323,2016200407,E11,GTseq_i7_i05,CACTGT,GCGCTG,GCGCTG,PCOD,
2324,2016200407,F11,GTseq_i7_i05,CACTGT,GTGTAA,GTGTAA,PCOD,
2325,2016200407,G11,GTseq_i7_i05,CACTGT,TCGGAC,TCGGAC,PCOD,
2326,2016200407,H11,GTseq_i7_i05,CACTGT,TTTAAT,TTTAAT,PCOD,
2327,2016200407,A12,GTseq_i7_i05,CACTGT,ACCCCC,ACCCCC,PCOD,
2328,2016200407,B12,GTseq_i7_i05,CACTGT,ATGTTG,ATGTTG,PCOD,
2329,2016200407,C12,GTseq_i7_i05,CACTGT,CCTAAC,CCTAAC,PCOD,
2330,2016200407,D12,GTseq_i7_i05,CACTGT,CTTTGC,CTTTGC,PCOD,
2331,2016200407,E12,GTseq_i7_i05,CACTGT,GCTCAA,GCTCAA,PCOD,
2332,2016200407,F12,GTseq_i7_i05,CACTGT,GTTGGA,GTTGGA,PCOD,
2333,2016200407,G12,GTseq_i7_i05,CACTGT,TCTCGG,TCTCGG,PCOD,
2016200407_NTC,2016200407,H12,GTseq_i7_i05,CACTGT,TTTGTC,TTTGTC,PCOD,